run_id,timestamp_utc,experiment,dbms,sf,query_id,threads,iteration,wall_seconds,queries_submitted,queries_success,queries_error,throughput_qps,cache_before_ok,cache_before_error,cache_after_ok,cache_after_error
0b443bff-e556-4f29-87c8-1ab117d55149,2026-06-13T01:23:35.376600+00:00,speedup_concurrency,postgres,1.0,1,1,1,2.552395943996089,1,1,0,0.39178874357337257,True,,True,
0b443bff-e556-4f29-87c8-1ab117d55149,2026-06-13T01:23:35.376600+00:00,speedup_concurrency,postgres,1.0,1,1,2,2.5562224960012827,1,1,0,0.39120225315453067,True,,True,
0b443bff-e556-4f29-87c8-1ab117d55149,2026-06-13T01:23:35.376600+00:00,speedup_concurrency,postgres,1.0,1,1,3,2.5821969759999774,1,1,0,0.3872671253565935,True,,True,
0b443bff-e556-4f29-87c8-1ab117d55149,2026-06-13T01:23:35.376600+00:00,speedup_concurrency,postgres,1.0,1,1,4,2.550628911005333,1,1,0,0.3920601682531109,True,,True,
0b443bff-e556-4f29-87c8-1ab117d55149,2026-06-13T01:23:35.376600+00:00,speedup_concurrency,postgres,1.0,1,1,5,2.5507244279942825,1,1,0,0.3920454867742544,True,,True,
0b443bff-e556-4f29-87c8-1ab117d55149,2026-06-13T01:23:35.376600+00:00,speedup_concurrency,postgres,1.0,1,4,1,9.906618316999811,4,4,0,0.403770476665683,True,,True,
0b443bff-e556-4f29-87c8-1ab117d55149,2026-06-13T01:23:35.376600+00:00,speedup_concurrency,postgres,1.0,1,4,2,9.894511284997861,4,4,0,0.4042645346278833,True,,True,
0b443bff-e556-4f29-87c8-1ab117d55149,2026-06-13T01:23:35.376600+00:00,speedup_concurrency,postgres,1.0,1,4,3,9.905159483998432,4,4,0,0.40382994402683897,True,,True,
0b443bff-e556-4f29-87c8-1ab117d55149,2026-06-13T01:23:35.376600+00:00,speedup_concurrency,postgres,1.0,1,4,4,9.958712015999481,4,4,0,0.401658366420645,True,,True,
0b443bff-e556-4f29-87c8-1ab117d55149,2026-06-13T01:23:35.376600+00:00,speedup_concurrency,postgres,1.0,1,4,5,9.898864743998274,4,4,0,0.40408674160592184,True,,True,
0b443bff-e556-4f29-87c8-1ab117d55149,2026-06-13T01:23:35.376600+00:00,speedup_concurrency,postgres,1.0,1,8,1,19.66107736500271,8,8,0,0.4068953013856826,True,,True,
0b443bff-e556-4f29-87c8-1ab117d55149,2026-06-13T01:23:35.376600+00:00,speedup_concurrency,postgres,1.0,1,8,2,19.564723675001005,8,8,0,0.408899207210479,True,,True,
0b443bff-e556-4f29-87c8-1ab117d55149,2026-06-13T01:23:35.376600+00:00,speedup_concurrency,postgres,1.0,1,8,3,19.660838659998262,8,8,0,0.406900241558704,True,,True,
0b443bff-e556-4f29-87c8-1ab117d55149,2026-06-13T01:23:35.376600+00:00,speedup_concurrency,postgres,1.0,1,8,4,19.555718096999044,8,8,0,0.40908750884620565,True,,True,
0b443bff-e556-4f29-87c8-1ab117d55149,2026-06-13T01:23:35.376600+00:00,speedup_concurrency,postgres,1.0,1,8,5,19.527416251999966,8,8,0,0.4096804153074093,True,,True,
0b443bff-e556-4f29-87c8-1ab117d55149,2026-06-13T01:23:35.376600+00:00,speedup_concurrency,postgres,1.0,1,16,1,38.85230391100049,16,16,0,0.4118159900285816,True,,True,
0b443bff-e556-4f29-87c8-1ab117d55149,2026-06-13T01:23:35.376600+00:00,speedup_concurrency,postgres,1.0,1,16,2,38.71935112900246,16,16,0,0.41323006541851137,True,,True,
0b443bff-e556-4f29-87c8-1ab117d55149,2026-06-13T01:23:35.376600+00:00,speedup_concurrency,postgres,1.0,1,16,3,38.67889011299849,16,16,0,0.41366233501676963,True,,True,
0b443bff-e556-4f29-87c8-1ab117d55149,2026-06-13T01:23:35.376600+00:00,speedup_concurrency,postgres,1.0,1,16,4,38.71700199499901,16,16,0,0.41325513793828056,True,,True,
0b443bff-e556-4f29-87c8-1ab117d55149,2026-06-13T01:23:35.376600+00:00,speedup_concurrency,postgres,1.0,1,16,5,38.749459941995156,16,16,0,0.41290898051097286,True,,True,
0b443bff-e556-4f29-87c8-1ab117d55149,2026-06-13T01:23:35.376600+00:00,speedup_concurrency,postgres,1.0,2,1,1,0.3427297489979537,1,1,0,2.917750801976547,True,,True,
0b443bff-e556-4f29-87c8-1ab117d55149,2026-06-13T01:23:35.376600+00:00,speedup_concurrency,postgres,1.0,2,1,2,0.2892367810054566,1,1,0,3.457374945619847,True,,True,
0b443bff-e556-4f29-87c8-1ab117d55149,2026-06-13T01:23:35.376600+00:00,speedup_concurrency,postgres,1.0,2,1,3,0.28972320000320906,1,1,0,3.4515703263974844,True,,True,
0b443bff-e556-4f29-87c8-1ab117d55149,2026-06-13T01:23:35.376600+00:00,speedup_concurrency,postgres,1.0,2,1,4,0.2873900539998431,1,1,0,3.479591537988806,True,,True,
0b443bff-e556-4f29-87c8-1ab117d55149,2026-06-13T01:23:35.376600+00:00,speedup_concurrency,postgres,1.0,2,1,5,0.28958214500016766,1,1,0,3.453251580823193,True,,True,
0b443bff-e556-4f29-87c8-1ab117d55149,2026-06-13T01:23:35.376600+00:00,speedup_concurrency,postgres,1.0,2,4,1,0.562328311993042,4,4,0,7.113282249337455,True,,True,
0b443bff-e556-4f29-87c8-1ab117d55149,2026-06-13T01:23:35.376600+00:00,speedup_concurrency,postgres,1.0,2,4,2,0.5724050479984726,4,4,0,6.988058567943785,True,,True,
0b443bff-e556-4f29-87c8-1ab117d55149,2026-06-13T01:23:35.376600+00:00,speedup_concurrency,postgres,1.0,2,4,3,0.586226995998004,4,4,0,6.823295459449669,True,,True,
0b443bff-e556-4f29-87c8-1ab117d55149,2026-06-13T01:23:35.376600+00:00,speedup_concurrency,postgres,1.0,2,4,4,0.5871742039962555,4,4,0,6.812288368215693,True,,True,
0b443bff-e556-4f29-87c8-1ab117d55149,2026-06-13T01:23:35.376600+00:00,speedup_concurrency,postgres,1.0,2,4,5,0.577256052994926,4,4,0,6.929334009140584,True,,True,
0b443bff-e556-4f29-87c8-1ab117d55149,2026-06-13T01:23:35.376600+00:00,speedup_concurrency,postgres,1.0,2,8,1,0.8512192660055007,8,8,0,9.398283520462874,True,,True,
0b443bff-e556-4f29-87c8-1ab117d55149,2026-06-13T01:23:35.376600+00:00,speedup_concurrency,postgres,1.0,2,8,2,0.8237668609945104,8,8,0,9.711485589917793,True,,True,
0b443bff-e556-4f29-87c8-1ab117d55149,2026-06-13T01:23:35.376600+00:00,speedup_concurrency,postgres,1.0,2,8,3,0.8292096810037037,8,8,0,9.647740714165959,True,,True,
0b443bff-e556-4f29-87c8-1ab117d55149,2026-06-13T01:23:35.376600+00:00,speedup_concurrency,postgres,1.0,2,8,4,0.8503740429950994,8,8,0,9.407624875076417,True,,True,
0b443bff-e556-4f29-87c8-1ab117d55149,2026-06-13T01:23:35.376600+00:00,speedup_concurrency,postgres,1.0,2,8,5,0.8730960089960718,8,8,0,9.162795291206049,True,,True,
0b443bff-e556-4f29-87c8-1ab117d55149,2026-06-13T01:23:35.376600+00:00,speedup_concurrency,postgres,1.0,2,16,1,1.638264741995954,16,16,0,9.766431267089747,True,,True,
0b443bff-e556-4f29-87c8-1ab117d55149,2026-06-13T01:23:35.376600+00:00,speedup_concurrency,postgres,1.0,2,16,2,1.6373245089998818,16,16,0,9.772039636646737,True,,True,
0b443bff-e556-4f29-87c8-1ab117d55149,2026-06-13T01:23:35.376600+00:00,speedup_concurrency,postgres,1.0,2,16,3,1.7482698500025435,16,16,0,9.151905239329455,True,,True,
0b443bff-e556-4f29-87c8-1ab117d55149,2026-06-13T01:23:35.376600+00:00,speedup_concurrency,postgres,1.0,2,16,4,1.606697962997714,16,16,0,9.958312245661796,True,,True,
0b443bff-e556-4f29-87c8-1ab117d55149,2026-06-13T01:23:35.376600+00:00,speedup_concurrency,postgres,1.0,2,16,5,1.595442694000667,16,16,0,10.028564523291685,True,,True,
0b443bff-e556-4f29-87c8-1ab117d55149,2026-06-13T01:23:35.376600+00:00,speedup_concurrency,postgres,1.0,3,1,1,0.4717252889968222,1,1,0,2.1198778681690236,True,,True,
0b443bff-e556-4f29-87c8-1ab117d55149,2026-06-13T01:23:35.376600+00:00,speedup_concurrency,postgres,1.0,3,1,2,0.4628186340050888,1,1,0,2.160673591178277,True,,True,
0b443bff-e556-4f29-87c8-1ab117d55149,2026-06-13T01:23:35.376600+00:00,speedup_concurrency,postgres,1.0,3,1,3,0.463764104002621,1,1,0,2.1562686533288664,True,,True,
0b443bff-e556-4f29-87c8-1ab117d55149,2026-06-13T01:23:35.376600+00:00,speedup_concurrency,postgres,1.0,3,1,4,0.4675030180005706,1,1,0,2.1390236244395315,True,,True,
0b443bff-e556-4f29-87c8-1ab117d55149,2026-06-13T01:23:35.376600+00:00,speedup_concurrency,postgres,1.0,3,1,5,0.4634403580057551,1,1,0,2.157774960090079,True,,True,
0b443bff-e556-4f29-87c8-1ab117d55149,2026-06-13T01:23:35.376600+00:00,speedup_concurrency,postgres,1.0,3,4,1,1.3120726889974321,4,4,0,3.0486115849697626,True,,True,
0b443bff-e556-4f29-87c8-1ab117d55149,2026-06-13T01:23:35.376600+00:00,speedup_concurrency,postgres,1.0,3,4,2,1.3295496339997044,4,4,0,3.0085375511456003,True,,True,
0b443bff-e556-4f29-87c8-1ab117d55149,2026-06-13T01:23:35.376600+00:00,speedup_concurrency,postgres,1.0,3,4,3,1.3068542130058631,4,4,0,3.060785174192995,True,,True,
0b443bff-e556-4f29-87c8-1ab117d55149,2026-06-13T01:23:35.376600+00:00,speedup_concurrency,postgres,1.0,3,4,4,1.2848954279979807,4,4,0,3.113093807355571,True,,True,
0b443bff-e556-4f29-87c8-1ab117d55149,2026-06-13T01:23:35.376600+00:00,speedup_concurrency,postgres,1.0,3,4,5,1.282857630001672,4,4,0,3.1180389050613404,True,,True,
0b443bff-e556-4f29-87c8-1ab117d55149,2026-06-13T01:23:35.376600+00:00,speedup_concurrency,postgres,1.0,3,8,1,2.7147761410014937,8,8,0,2.9468359763353313,True,,True,
0b443bff-e556-4f29-87c8-1ab117d55149,2026-06-13T01:23:35.376600+00:00,speedup_concurrency,postgres,1.0,3,8,2,2.6460451089951675,8,8,0,3.0233800522916976,True,,True,
0b443bff-e556-4f29-87c8-1ab117d55149,2026-06-13T01:23:35.376600+00:00,speedup_concurrency,postgres,1.0,3,8,3,2.607862947996182,8,8,0,3.0676458692535986,True,,True,
0b443bff-e556-4f29-87c8-1ab117d55149,2026-06-13T01:23:35.376600+00:00,speedup_concurrency,postgres,1.0,3,8,4,2.6022797340046964,8,8,0,3.074227530369555,True,,True,
0b443bff-e556-4f29-87c8-1ab117d55149,2026-06-13T01:23:35.376600+00:00,speedup_concurrency,postgres,1.0,3,8,5,2.63975852799922,8,8,0,3.0305802273753897,True,,True,
0b443bff-e556-4f29-87c8-1ab117d55149,2026-06-13T01:23:35.376600+00:00,speedup_concurrency,postgres,1.0,3,16,1,4.845148783002514,16,16,0,3.3022721729682116,True,,True,
0b443bff-e556-4f29-87c8-1ab117d55149,2026-06-13T01:23:35.376600+00:00,speedup_concurrency,postgres,1.0,3,16,2,4.775591985002393,16,16,0,3.3503699751250804,True,,True,
0b443bff-e556-4f29-87c8-1ab117d55149,2026-06-13T01:23:35.376600+00:00,speedup_concurrency,postgres,1.0,3,16,3,4.8417671080023865,16,16,0,3.3045786059299473,True,,True,
0b443bff-e556-4f29-87c8-1ab117d55149,2026-06-13T01:23:35.376600+00:00,speedup_concurrency,postgres,1.0,3,16,4,4.8786442409982556,16,16,0,3.2795996612218894,True,,True,
0b443bff-e556-4f29-87c8-1ab117d55149,2026-06-13T01:23:35.376600+00:00,speedup_concurrency,postgres,1.0,3,16,5,4.9596171749944915,16,16,0,3.2260554465109035,True,,True,
0b443bff-e556-4f29-87c8-1ab117d55149,2026-06-13T01:23:35.376600+00:00,speedup_concurrency,postgres,1.0,4,1,1,0.22745866699551698,1,1,0,4.396403149675142,True,,True,
0b443bff-e556-4f29-87c8-1ab117d55149,2026-06-13T01:23:35.376600+00:00,speedup_concurrency,postgres,1.0,4,1,2,0.22836297000321792,1,1,0,4.378993669533676,True,,True,
0b443bff-e556-4f29-87c8-1ab117d55149,2026-06-13T01:23:35.376600+00:00,speedup_concurrency,postgres,1.0,4,1,3,0.22929773799842224,1,1,0,4.361142018796892,True,,True,
0b443bff-e556-4f29-87c8-1ab117d55149,2026-06-13T01:23:35.376600+00:00,speedup_concurrency,postgres,1.0,4,1,4,0.22815521500160685,1,1,0,4.382981120957315,True,,True,
0b443bff-e556-4f29-87c8-1ab117d55149,2026-06-13T01:23:35.376600+00:00,speedup_concurrency,postgres,1.0,4,1,5,0.23026741100329673,1,1,0,4.342776928975343,True,,True,
0b443bff-e556-4f29-87c8-1ab117d55149,2026-06-13T01:23:35.376600+00:00,speedup_concurrency,postgres,1.0,4,4,1,0.4065199670003494,4,4,0,9.839615085860128,True,,True,
0b443bff-e556-4f29-87c8-1ab117d55149,2026-06-13T01:23:35.376600+00:00,speedup_concurrency,postgres,1.0,4,4,2,0.40179137099767104,4,4,0,9.955415393983625,True,,True,
0b443bff-e556-4f29-87c8-1ab117d55149,2026-06-13T01:23:35.376600+00:00,speedup_concurrency,postgres,1.0,4,4,3,0.40229556700069224,4,4,0,9.942938297386501,True,,True,
0b443bff-e556-4f29-87c8-1ab117d55149,2026-06-13T01:23:35.376600+00:00,speedup_concurrency,postgres,1.0,4,4,4,0.4123899949991028,4,4,0,9.699556362924621,True,,True,
0b443bff-e556-4f29-87c8-1ab117d55149,2026-06-13T01:23:35.376600+00:00,speedup_concurrency,postgres,1.0,4,4,5,0.39806200900056865,4,4,0,10.04868565589309,True,,True,
0b443bff-e556-4f29-87c8-1ab117d55149,2026-06-13T01:23:35.376600+00:00,speedup_concurrency,postgres,1.0,4,8,1,0.7488731379999081,8,8,0,10.682717264190323,True,,True,
0b443bff-e556-4f29-87c8-1ab117d55149,2026-06-13T01:23:35.376600+00:00,speedup_concurrency,postgres,1.0,4,8,2,0.6323038329937845,8,8,0,12.652145349368205,True,,True,
0b443bff-e556-4f29-87c8-1ab117d55149,2026-06-13T01:23:35.376600+00:00,speedup_concurrency,postgres,1.0,4,8,3,0.7340312379965326,8,8,0,10.898718727332678,True,,True,
0b443bff-e556-4f29-87c8-1ab117d55149,2026-06-13T01:23:35.376600+00:00,speedup_concurrency,postgres,1.0,4,8,4,0.6170458189953933,8,8,0,12.965001550492193,True,,True,
0b443bff-e556-4f29-87c8-1ab117d55149,2026-06-13T01:23:35.376600+00:00,speedup_concurrency,postgres,1.0,4,8,5,0.7718514570005937,8,8,0,10.364688603540262,True,,True,
0b443bff-e556-4f29-87c8-1ab117d55149,2026-06-13T01:23:35.376600+00:00,speedup_concurrency,postgres,1.0,4,16,1,0.8320836839993717,16,11,5,13.219824173368007,True,,True,
0b443bff-e556-4f29-87c8-1ab117d55149,2026-06-13T01:23:35.376600+00:00,speedup_concurrency,postgres,1.0,4,16,2,0.7447133979949285,16,10,6,13.427984546704906,True,,True,
0b443bff-e556-4f29-87c8-1ab117d55149,2026-06-13T01:23:35.376600+00:00,speedup_concurrency,postgres,1.0,4,16,3,0.8063878779939841,16,11,5,13.641078071962365,True,,True,
0b443bff-e556-4f29-87c8-1ab117d55149,2026-06-13T01:23:35.376600+00:00,speedup_concurrency,postgres,1.0,4,16,4,0.817020450005657,16,11,5,13.463555287904772,True,,True,
0b443bff-e556-4f29-87c8-1ab117d55149,2026-06-13T01:23:35.376600+00:00,speedup_concurrency,postgres,1.0,4,16,5,0.755151819997991,16,10,6,13.242370256124927,True,,True,
0b443bff-e556-4f29-87c8-1ab117d55149,2026-06-13T01:23:35.376600+00:00,speedup_concurrency,postgres,1.0,5,1,1,0.4369527129965718,1,1,0,2.2885771623709905,True,,True,
0b443bff-e556-4f29-87c8-1ab117d55149,2026-06-13T01:23:35.376600+00:00,speedup_concurrency,postgres,1.0,5,1,2,0.42604834999656305,1,1,0,2.3471514442153505,True,,True,
0b443bff-e556-4f29-87c8-1ab117d55149,2026-06-13T01:23:35.376600+00:00,speedup_concurrency,postgres,1.0,5,1,3,0.42997464099607896,1,1,0,2.325718553269562,True,,True,
0b443bff-e556-4f29-87c8-1ab117d55149,2026-06-13T01:23:35.376600+00:00,speedup_concurrency,postgres,1.0,5,1,4,0.43547704700176837,1,1,0,2.2963322794735936,True,,True,
0b443bff-e556-4f29-87c8-1ab117d55149,2026-06-13T01:23:35.376600+00:00,speedup_concurrency,postgres,1.0,5,1,5,0.4365177340005175,1,1,0,2.290857672231054,True,,True,
0b443bff-e556-4f29-87c8-1ab117d55149,2026-06-13T01:23:35.376600+00:00,speedup_concurrency,postgres,1.0,5,4,1,0.8510513549990719,4,4,0,4.700068893027451,True,,True,
0b443bff-e556-4f29-87c8-1ab117d55149,2026-06-13T01:23:35.376600+00:00,speedup_concurrency,postgres,1.0,5,4,2,0.8526515829944401,4,4,0,4.6912479608052085,True,,True,
0b443bff-e556-4f29-87c8-1ab117d55149,2026-06-13T01:23:35.376600+00:00,speedup_concurrency,postgres,1.0,5,4,3,0.8506374589996994,4,4,0,4.7023558129026775,True,,True,
0b443bff-e556-4f29-87c8-1ab117d55149,2026-06-13T01:23:35.376600+00:00,speedup_concurrency,postgres,1.0,5,4,4,0.852767718002724,4,4,0,4.6906090785993175,True,,True,
0b443bff-e556-4f29-87c8-1ab117d55149,2026-06-13T01:23:35.376600+00:00,speedup_concurrency,postgres,1.0,5,4,5,0.8783706530011841,4,4,0,4.553886205479372,True,,True,
0b443bff-e556-4f29-87c8-1ab117d55149,2026-06-13T01:23:35.376600+00:00,speedup_concurrency,postgres,1.0,5,8,1,1.7723761999950511,8,8,0,4.5137144134650065,True,,True,
0b443bff-e556-4f29-87c8-1ab117d55149,2026-06-13T01:23:35.376600+00:00,speedup_concurrency,postgres,1.0,5,8,2,1.8537150670017581,8,8,0,4.315657860481971,True,,True,
0b443bff-e556-4f29-87c8-1ab117d55149,2026-06-13T01:23:35.376600+00:00,speedup_concurrency,postgres,1.0,5,8,3,2.3139198899953044,8,8,0,3.4573366323482504,True,,True,
0b443bff-e556-4f29-87c8-1ab117d55149,2026-06-13T01:23:35.376600+00:00,speedup_concurrency,postgres,1.0,5,8,4,1.9240564729989273,8,8,0,4.157882116386539,True,,True,
0b443bff-e556-4f29-87c8-1ab117d55149,2026-06-13T01:23:35.376600+00:00,speedup_concurrency,postgres,1.0,5,8,5,1.8725315780029632,8,8,0,4.272291102578853,True,,True,
0b443bff-e556-4f29-87c8-1ab117d55149,2026-06-13T01:23:35.376600+00:00,speedup_concurrency,postgres,1.0,5,16,1,2.296794095003861,16,16,0,6.96623177271496,True,,True,
0b443bff-e556-4f29-87c8-1ab117d55149,2026-06-13T01:23:35.376600+00:00,speedup_concurrency,postgres,1.0,5,16,2,2.286846858994977,16,16,0,6.996533212124084,True,,True,
0b443bff-e556-4f29-87c8-1ab117d55149,2026-06-13T01:23:35.376600+00:00,speedup_concurrency,postgres,1.0,5,16,3,2.2845993950031698,16,16,0,7.003416019016235,True,,True,
0b443bff-e556-4f29-87c8-1ab117d55149,2026-06-13T01:23:35.376600+00:00,speedup_concurrency,postgres,1.0,5,16,4,3.62678574599704,16,16,0,4.411619853105339,True,,True,
0b443bff-e556-4f29-87c8-1ab117d55149,2026-06-13T01:23:35.376600+00:00,speedup_concurrency,postgres,1.0,5,16,5,2.2915442689991323,16,16,0,6.982191099885776,True,,True,
0b443bff-e556-4f29-87c8-1ab117d55149,2026-06-13T01:23:35.376600+00:00,speedup_concurrency,postgres,1.0,6,1,1,0.5030763690010644,1,1,0,1.9877697733758672,True,,True,
0b443bff-e556-4f29-87c8-1ab117d55149,2026-06-13T01:23:35.376600+00:00,speedup_concurrency,postgres,1.0,6,1,2,0.5003465639965725,1,1,0,1.998614704201007,True,,True,
0b443bff-e556-4f29-87c8-1ab117d55149,2026-06-13T01:23:35.376600+00:00,speedup_concurrency,postgres,1.0,6,1,3,0.4975611729969387,1,1,0,2.0098031242605674,True,,True,
0b443bff-e556-4f29-87c8-1ab117d55149,2026-06-13T01:23:35.376600+00:00,speedup_concurrency,postgres,1.0,6,1,4,0.5018454320015735,1,1,0,1.9926454167602439,True,,True,
0b443bff-e556-4f29-87c8-1ab117d55149,2026-06-13T01:23:35.376600+00:00,speedup_concurrency,postgres,1.0,6,1,5,0.502669857996807,1,1,0,1.989377290265835,True,,True,
0b443bff-e556-4f29-87c8-1ab117d55149,2026-06-13T01:23:35.376600+00:00,speedup_concurrency,postgres,1.0,6,4,1,1.4153507250011899,4,4,0,2.8261546267951623,True,,True,
0b443bff-e556-4f29-87c8-1ab117d55149,2026-06-13T01:23:35.376600+00:00,speedup_concurrency,postgres,1.0,6,4,2,1.5086031980026746,4,4,0,2.6514593136855518,True,,True,
0b443bff-e556-4f29-87c8-1ab117d55149,2026-06-13T01:23:35.376600+00:00,speedup_concurrency,postgres,1.0,6,4,3,1.2579340589945787,4,4,0,3.179816915997215,True,,True,
0b443bff-e556-4f29-87c8-1ab117d55149,2026-06-13T01:23:35.376600+00:00,speedup_concurrency,postgres,1.0,6,4,4,1.3861599740048405,4,4,0,2.8856698180682225,True,,True,
0b443bff-e556-4f29-87c8-1ab117d55149,2026-06-13T01:23:35.376600+00:00,speedup_concurrency,postgres,1.0,6,4,5,1.257550597001682,4,4,0,3.1807865302096068,True,,True,
0b443bff-e556-4f29-87c8-1ab117d55149,2026-06-13T01:23:35.376600+00:00,speedup_concurrency,postgres,1.0,6,8,1,1.1830031130011776,8,2,6,1.6906126264758268,True,,True,
0b443bff-e556-4f29-87c8-1ab117d55149,2026-06-13T01:23:35.376600+00:00,speedup_concurrency,postgres,1.0,6,8,2,1.1647793489973992,8,2,6,1.7170634092384356,True,,True,
0b443bff-e556-4f29-87c8-1ab117d55149,2026-06-13T01:23:35.376600+00:00,speedup_concurrency,postgres,1.0,6,8,3,1.3256004620052408,8,3,5,2.263125342806451,True,,True,
0b443bff-e556-4f29-87c8-1ab117d55149,2026-06-13T01:23:35.376600+00:00,speedup_concurrency,postgres,1.0,6,8,4,1.3706145109972567,8,3,5,2.1887992399972513,True,,True,
0b443bff-e556-4f29-87c8-1ab117d55149,2026-06-13T01:23:35.376600+00:00,speedup_concurrency,postgres,1.0,6,8,5,1.040493531996617,8,3,5,2.883247139694621,True,,True,
0b443bff-e556-4f29-87c8-1ab117d55149,2026-06-13T01:23:35.376600+00:00,speedup_concurrency,postgres,1.0,6,16,1,1.421507314000337,16,3,13,2.1104358524597004,True,,True,
0b443bff-e556-4f29-87c8-1ab117d55149,2026-06-13T01:23:35.376600+00:00,speedup_concurrency,postgres,1.0,6,16,2,1.38995449700451,16,3,13,2.1583440367762385,True,,True,
0b443bff-e556-4f29-87c8-1ab117d55149,2026-06-13T01:23:35.376600+00:00,speedup_concurrency,postgres,1.0,6,16,3,1.4781384499947308,16,3,13,2.02957984078602,True,,True,
0b443bff-e556-4f29-87c8-1ab117d55149,2026-06-13T01:23:35.376600+00:00,speedup_concurrency,postgres,1.0,6,16,4,1.1611056729962002,16,2,14,1.7224961056637136,True,,True,
0b443bff-e556-4f29-87c8-1ab117d55149,2026-06-13T01:23:35.376600+00:00,speedup_concurrency,postgres,1.0,6,16,5,1.1704926790043828,16,2,14,1.7086821950062887,True,,True,
0b443bff-e556-4f29-87c8-1ab117d55149,2026-06-13T01:23:35.376600+00:00,speedup_concurrency,postgres,1.0,7,1,1,0.5175260859978152,1,1,0,1.9322697484358722,True,,True,
0b443bff-e556-4f29-87c8-1ab117d55149,2026-06-13T01:23:35.376600+00:00,speedup_concurrency,postgres,1.0,7,1,2,0.5141951740006334,1,1,0,1.9447868252430702,True,,True,
0b443bff-e556-4f29-87c8-1ab117d55149,2026-06-13T01:23:35.376600+00:00,speedup_concurrency,postgres,1.0,7,1,3,0.5075031429951196,1,1,0,1.9704311466887143,True,,True,
0b443bff-e556-4f29-87c8-1ab117d55149,2026-06-13T01:23:35.376600+00:00,speedup_concurrency,postgres,1.0,7,1,4,0.5130066569981864,1,1,0,1.9492924435940318,True,,True,
0b443bff-e556-4f29-87c8-1ab117d55149,2026-06-13T01:23:35.376600+00:00,speedup_concurrency,postgres,1.0,7,1,5,0.5132536870005424,1,1,0,1.9483542453323734,True,,True,
0b443bff-e556-4f29-87c8-1ab117d55149,2026-06-13T01:23:35.376600+00:00,speedup_concurrency,postgres,1.0,7,4,1,1.0270946620003087,4,4,0,3.8944803706893354,True,,True,
0b443bff-e556-4f29-87c8-1ab117d55149,2026-06-13T01:23:35.376600+00:00,speedup_concurrency,postgres,1.0,7,4,2,1.0459291890001623,4,4,0,3.8243506750430494,True,,True,
0b443bff-e556-4f29-87c8-1ab117d55149,2026-06-13T01:23:35.376600+00:00,speedup_concurrency,postgres,1.0,7,4,3,1.0000821869980427,4,4,0,3.9996712790244193,True,,True,
0b443bff-e556-4f29-87c8-1ab117d55149,2026-06-13T01:23:35.376600+00:00,speedup_concurrency,postgres,1.0,7,4,4,1.005366931000026,4,4,0,3.978646876739073,True,,True,
0b443bff-e556-4f29-87c8-1ab117d55149,2026-06-13T01:23:35.376600+00:00,speedup_concurrency,postgres,1.0,7,4,5,1.0021607070011669,4,4,0,3.9913758063509293,True,,True,
0b443bff-e556-4f29-87c8-1ab117d55149,2026-06-13T01:23:35.376600+00:00,speedup_concurrency,postgres,1.0,7,8,1,2.509441253001569,8,8,0,3.187960662729648,True,,True,
0b443bff-e556-4f29-87c8-1ab117d55149,2026-06-13T01:23:35.376600+00:00,speedup_concurrency,postgres,1.0,7,8,2,2.525257495995902,8,8,0,3.167993764075528,True,,True,
0b443bff-e556-4f29-87c8-1ab117d55149,2026-06-13T01:23:35.376600+00:00,speedup_concurrency,postgres,1.0,7,8,3,2.25229883800057,8,8,0,3.551926531694981,True,,True,
0b443bff-e556-4f29-87c8-1ab117d55149,2026-06-13T01:23:35.376600+00:00,speedup_concurrency,postgres,1.0,7,8,4,2.801416683003481,8,8,0,2.8556979932820865,True,,True,
0b443bff-e556-4f29-87c8-1ab117d55149,2026-06-13T01:23:35.376600+00:00,speedup_concurrency,postgres,1.0,7,8,5,2.5989927650007303,8,8,0,3.0781155329602283,True,,True,
0b443bff-e556-4f29-87c8-1ab117d55149,2026-06-13T01:23:35.376600+00:00,speedup_concurrency,postgres,1.0,7,16,1,2.8359832070054836,16,16,0,5.64178234923133,True,,True,
0b443bff-e556-4f29-87c8-1ab117d55149,2026-06-13T01:23:35.376600+00:00,speedup_concurrency,postgres,1.0,7,16,2,2.8465824560043984,16,16,0,5.620775174191995,True,,True,
0b443bff-e556-4f29-87c8-1ab117d55149,2026-06-13T01:23:35.376600+00:00,speedup_concurrency,postgres,1.0,7,16,3,2.83934005300398,16,16,0,5.635112280077983,True,,True,
0b443bff-e556-4f29-87c8-1ab117d55149,2026-06-13T01:23:35.376600+00:00,speedup_concurrency,postgres,1.0,7,16,4,2.834579112000938,16,16,0,5.644576978733732,True,,True,
0b443bff-e556-4f29-87c8-1ab117d55149,2026-06-13T01:23:35.376600+00:00,speedup_concurrency,postgres,1.0,7,16,5,2.862634715005697,16,16,0,5.58925660900055,True,,True,
0b443bff-e556-4f29-87c8-1ab117d55149,2026-06-13T01:23:35.376600+00:00,speedup_concurrency,postgres,1.0,8,1,1,0.5959074769998551,1,1,0,1.6781128591213215,True,,True,
0b443bff-e556-4f29-87c8-1ab117d55149,2026-06-13T01:23:35.376600+00:00,speedup_concurrency,postgres,1.0,8,1,2,0.5811689939946518,1,1,0,1.7206699089821065,True,,True,
0b443bff-e556-4f29-87c8-1ab117d55149,2026-06-13T01:23:35.376600+00:00,speedup_concurrency,postgres,1.0,8,1,3,0.5885085920017445,1,1,0,1.6992105359050318,True,,True,
0b443bff-e556-4f29-87c8-1ab117d55149,2026-06-13T01:23:35.376600+00:00,speedup_concurrency,postgres,1.0,8,1,4,0.5932982000012998,1,1,0,1.6854930623383133,True,,True,
0b443bff-e556-4f29-87c8-1ab117d55149,2026-06-13T01:23:35.376600+00:00,speedup_concurrency,postgres,1.0,8,1,5,0.5821399799970095,1,1,0,1.717799900987967,True,,True,
0b443bff-e556-4f29-87c8-1ab117d55149,2026-06-13T01:23:35.376600+00:00,speedup_concurrency,postgres,1.0,8,4,1,1.516937913998845,4,4,0,2.6368910441795745,True,,True,
0b443bff-e556-4f29-87c8-1ab117d55149,2026-06-13T01:23:35.376600+00:00,speedup_concurrency,postgres,1.0,8,4,2,1.1471688620003988,4,4,0,3.4868449907408743,True,,True,
0b443bff-e556-4f29-87c8-1ab117d55149,2026-06-13T01:23:35.376600+00:00,speedup_concurrency,postgres,1.0,8,4,3,1.1511965489989961,4,4,0,3.474645579400089,True,,True,
0b443bff-e556-4f29-87c8-1ab117d55149,2026-06-13T01:23:35.376600+00:00,speedup_concurrency,postgres,1.0,8,4,4,1.1549368960040738,4,4,0,3.463392687374922,True,,True,
0b443bff-e556-4f29-87c8-1ab117d55149,2026-06-13T01:23:35.376600+00:00,speedup_concurrency,postgres,1.0,8,4,5,1.1554507249966264,4,4,0,3.461852516481548,True,,True,
0b443bff-e556-4f29-87c8-1ab117d55149,2026-06-13T01:23:35.376600+00:00,speedup_concurrency,postgres,1.0,8,8,1,3.4795175990002463,8,8,0,2.2991692878054715,True,,True,
0b443bff-e556-4f29-87c8-1ab117d55149,2026-06-13T01:23:35.376600+00:00,speedup_concurrency,postgres,1.0,8,8,2,3.4115668240046944,8,8,0,2.3449635937686653,True,,True,
0b443bff-e556-4f29-87c8-1ab117d55149,2026-06-13T01:23:35.376600+00:00,speedup_concurrency,postgres,1.0,8,8,3,3.6233157469978323,8,8,0,2.207922399980889,True,,True,
0b443bff-e556-4f29-87c8-1ab117d55149,2026-06-13T01:23:35.376600+00:00,speedup_concurrency,postgres,1.0,8,8,4,3.3800558659931994,8,8,0,2.3668247854978195,True,,True,
0b443bff-e556-4f29-87c8-1ab117d55149,2026-06-13T01:23:35.376600+00:00,speedup_concurrency,postgres,1.0,8,8,5,3.410330342994712,8,8,0,2.345813805525644,True,,True,
0b443bff-e556-4f29-87c8-1ab117d55149,2026-06-13T01:23:35.376600+00:00,speedup_concurrency,postgres,1.0,8,16,1,3.985798617002729,16,16,0,4.014251982462627,True,,True,
0b443bff-e556-4f29-87c8-1ab117d55149,2026-06-13T01:23:35.376600+00:00,speedup_concurrency,postgres,1.0,8,16,2,5.739155838993611,16,16,0,2.787866447412182,True,,True,
0b443bff-e556-4f29-87c8-1ab117d55149,2026-06-13T01:23:35.376600+00:00,speedup_concurrency,postgres,1.0,8,16,3,3.943284014996607,16,16,0,4.057531727146914,True,,True,
0b443bff-e556-4f29-87c8-1ab117d55149,2026-06-13T01:23:35.376600+00:00,speedup_concurrency,postgres,1.0,8,16,4,5.825557336000202,16,16,0,2.746518329006014,True,,True,
0b443bff-e556-4f29-87c8-1ab117d55149,2026-06-13T01:23:35.376600+00:00,speedup_concurrency,postgres,1.0,8,16,5,3.81798395000078,16,16,0,4.1906933631810395,True,,True,
0b443bff-e556-4f29-87c8-1ab117d55149,2026-06-13T01:23:35.376600+00:00,speedup_concurrency,postgres,1.0,9,1,1,1.738289815999451,1,1,0,0.5752780639890235,True,,True,
0b443bff-e556-4f29-87c8-1ab117d55149,2026-06-13T01:23:35.376600+00:00,speedup_concurrency,postgres,1.0,9,1,2,1.7366913119985838,1,1,0,0.5758075675804472,True,,True,
0b443bff-e556-4f29-87c8-1ab117d55149,2026-06-13T01:23:35.376600+00:00,speedup_concurrency,postgres,1.0,9,1,3,1.7162875040012295,1,1,0,0.5826529632527603,True,,True,
0b443bff-e556-4f29-87c8-1ab117d55149,2026-06-13T01:23:35.376600+00:00,speedup_concurrency,postgres,1.0,9,1,4,1.6983902020001551,1,1,0,0.5887928456148198,True,,True,
0b443bff-e556-4f29-87c8-1ab117d55149,2026-06-13T01:23:35.376600+00:00,speedup_concurrency,postgres,1.0,9,1,5,1.7437181400018744,1,1,0,0.5734871806741226,True,,True,
0b443bff-e556-4f29-87c8-1ab117d55149,2026-06-13T01:23:35.376600+00:00,speedup_concurrency,postgres,1.0,9,4,1,5.260527209000429,4,4,0,0.760380060986331,True,,True,
0b443bff-e556-4f29-87c8-1ab117d55149,2026-06-13T01:23:35.376600+00:00,speedup_concurrency,postgres,1.0,9,4,2,4.908912122999027,4,4,0,0.8148444909533763,True,,True,
0b443bff-e556-4f29-87c8-1ab117d55149,2026-06-13T01:23:35.376600+00:00,speedup_concurrency,postgres,1.0,9,4,3,4.909743952994177,4,4,0,0.814706436485476,True,,True,
0b443bff-e556-4f29-87c8-1ab117d55149,2026-06-13T01:23:35.376600+00:00,speedup_concurrency,postgres,1.0,9,4,4,4.893933733001177,4,4,0,0.8173384067354388,True,,True,
0b443bff-e556-4f29-87c8-1ab117d55149,2026-06-13T01:23:35.376600+00:00,speedup_concurrency,postgres,1.0,9,4,5,4.700074542000948,4,4,0,0.8510503321287948,True,,True,
0b443bff-e556-4f29-87c8-1ab117d55149,2026-06-13T01:23:35.376600+00:00,speedup_concurrency,postgres,1.0,9,8,1,11.098332459005178,8,8,0,0.7208290100832947,True,,True,
0b443bff-e556-4f29-87c8-1ab117d55149,2026-06-13T01:23:35.376600+00:00,speedup_concurrency,postgres,1.0,9,8,2,9.958710675004113,8,8,0,0.8033168410123227,True,,True,
0b443bff-e556-4f29-87c8-1ab117d55149,2026-06-13T01:23:35.376600+00:00,speedup_concurrency,postgres,1.0,9,8,3,10.085505506001937,8,8,0,0.7932175531746186,True,,True,
0b443bff-e556-4f29-87c8-1ab117d55149,2026-06-13T01:23:35.376600+00:00,speedup_concurrency,postgres,1.0,9,8,4,10.125415542002884,8,8,0,0.7900910305176018,True,,True,
0b443bff-e556-4f29-87c8-1ab117d55149,2026-06-13T01:23:35.376600+00:00,speedup_concurrency,postgres,1.0,9,8,5,10.406194832998153,8,8,0,0.7687728442900104,True,,True,
0b443bff-e556-4f29-87c8-1ab117d55149,2026-06-13T01:23:35.376600+00:00,speedup_concurrency,postgres,1.0,9,16,1,17.575721700006397,16,16,0,0.9103466857918088,True,,True,
0b443bff-e556-4f29-87c8-1ab117d55149,2026-06-13T01:23:35.376600+00:00,speedup_concurrency,postgres,1.0,9,16,2,19.78866625900264,16,16,0,0.8085436274777222,True,,True,
0b443bff-e556-4f29-87c8-1ab117d55149,2026-06-13T01:23:35.376600+00:00,speedup_concurrency,postgres,1.0,9,16,3,19.553779524001584,16,16,0,0.8182561320362929,True,,True,
0b443bff-e556-4f29-87c8-1ab117d55149,2026-06-13T01:23:35.376600+00:00,speedup_concurrency,postgres,1.0,9,16,4,17.102662684003008,16,16,0,0.9355268413827524,True,,True,
0b443bff-e556-4f29-87c8-1ab117d55149,2026-06-13T01:23:35.376600+00:00,speedup_concurrency,postgres,1.0,9,16,5,19.531329412995547,16,16,0,0.8191966691910941,True,,True,
0b443bff-e556-4f29-87c8-1ab117d55149,2026-06-13T01:23:35.376600+00:00,speedup_concurrency,postgres,1.0,10,1,1,0.7623566990005202,1,1,0,1.3117219292636106,True,,True,
0b443bff-e556-4f29-87c8-1ab117d55149,2026-06-13T01:23:35.376600+00:00,speedup_concurrency,postgres,1.0,10,1,2,0.7619957280039671,1,1,0,1.3123433153877129,True,,True,
0b443bff-e556-4f29-87c8-1ab117d55149,2026-06-13T01:23:35.376600+00:00,speedup_concurrency,postgres,1.0,10,1,3,0.7713895509950817,1,1,0,1.296361868928629,True,,True,
0b443bff-e556-4f29-87c8-1ab117d55149,2026-06-13T01:23:35.376600+00:00,speedup_concurrency,postgres,1.0,10,1,4,0.7505174739999347,1,1,0,1.3324140138542424,True,,True,
0b443bff-e556-4f29-87c8-1ab117d55149,2026-06-13T01:23:35.376600+00:00,speedup_concurrency,postgres,1.0,10,1,5,0.8052645360003226,1,1,0,1.2418279401287324,True,,True,
0b443bff-e556-4f29-87c8-1ab117d55149,2026-06-13T01:23:35.376600+00:00,speedup_concurrency,postgres,1.0,10,4,1,2.303186242002994,4,4,0,1.7367245110501144,True,,True,
0b443bff-e556-4f29-87c8-1ab117d55149,2026-06-13T01:23:35.376600+00:00,speedup_concurrency,postgres,1.0,10,4,2,2.302763129999221,4,4,0,1.7370436185511418,True,,True,
0b443bff-e556-4f29-87c8-1ab117d55149,2026-06-13T01:23:35.376600+00:00,speedup_concurrency,postgres,1.0,10,4,3,2.2718414699993446,4,4,0,1.760686233094052,True,,True,
0b443bff-e556-4f29-87c8-1ab117d55149,2026-06-13T01:23:35.376600+00:00,speedup_concurrency,postgres,1.0,10,4,4,2.3676069579960313,4,4,0,1.6894696083279144,True,,True,
0b443bff-e556-4f29-87c8-1ab117d55149,2026-06-13T01:23:35.376600+00:00,speedup_concurrency,postgres,1.0,10,4,5,2.321083891001763,4,4,0,1.7233327996058037,True,,True,
0b443bff-e556-4f29-87c8-1ab117d55149,2026-06-13T01:23:35.376600+00:00,speedup_concurrency,postgres,1.0,10,8,1,2.49073215899989,8,4,4,1.6059534886344946,True,,True,
0b443bff-e556-4f29-87c8-1ab117d55149,2026-06-13T01:23:35.376600+00:00,speedup_concurrency,postgres,1.0,10,8,2,3.2522098349945736,8,5,3,1.5374161735195486,True,,True,
0b443bff-e556-4f29-87c8-1ab117d55149,2026-06-13T01:23:35.376600+00:00,speedup_concurrency,postgres,1.0,10,8,3,2.8674132009982713,8,4,4,1.3949855565313802,True,,True,
0b443bff-e556-4f29-87c8-1ab117d55149,2026-06-13T01:23:35.376600+00:00,speedup_concurrency,postgres,1.0,10,8,4,3.142586575006135,8,5,3,1.5910460637000077,True,,True,
0b443bff-e556-4f29-87c8-1ab117d55149,2026-06-13T01:23:35.376600+00:00,speedup_concurrency,postgres,1.0,10,8,5,3.003502075000142,8,5,3,1.6647233380052728,True,,True,
0b443bff-e556-4f29-87c8-1ab117d55149,2026-06-13T01:23:35.376600+00:00,speedup_concurrency,postgres,1.0,10,16,1,2.7399731949990382,16,4,12,1.4598682962668195,True,,True,
0b443bff-e556-4f29-87c8-1ab117d55149,2026-06-13T01:23:35.376600+00:00,speedup_concurrency,postgres,1.0,10,16,2,3.2198957959990366,16,5,11,1.5528452834445379,True,,True,
0b443bff-e556-4f29-87c8-1ab117d55149,2026-06-13T01:23:35.376600+00:00,speedup_concurrency,postgres,1.0,10,16,3,2.253951140002755,16,3,13,1.3309960215004186,True,,True,
0b443bff-e556-4f29-87c8-1ab117d55149,2026-06-13T01:23:35.376600+00:00,speedup_concurrency,postgres,1.0,10,16,4,2.552549230000295,16,4,12,1.5670608633078302,True,,True,
0b443bff-e556-4f29-87c8-1ab117d55149,2026-06-13T01:23:35.376600+00:00,speedup_concurrency,postgres,1.0,10,16,5,2.8280124950033496,16,4,12,1.4144209076400358,True,,True,
0b443bff-e556-4f29-87c8-1ab117d55149,2026-06-13T01:23:35.376600+00:00,speedup_concurrency,postgres,1.0,11,1,1,0.16889129800256342,1,1,0,5.920968171994404,True,,True,
0b443bff-e556-4f29-87c8-1ab117d55149,2026-06-13T01:23:35.376600+00:00,speedup_concurrency,postgres,1.0,11,1,2,0.07828821300063282,1,1,0,12.773314930459797,True,,True,
0b443bff-e556-4f29-87c8-1ab117d55149,2026-06-13T01:23:35.376600+00:00,speedup_concurrency,postgres,1.0,11,1,3,0.07470860899775289,1,1,0,13.385338228290108,True,,True,
0b443bff-e556-4f29-87c8-1ab117d55149,2026-06-13T01:23:35.376600+00:00,speedup_concurrency,postgres,1.0,11,1,4,0.07808513200143352,1,1,0,12.80653530792061,True,,True,
0b443bff-e556-4f29-87c8-1ab117d55149,2026-06-13T01:23:35.376600+00:00,speedup_concurrency,postgres,1.0,11,1,5,0.07484351899620378,1,1,0,13.361210341415427,True,,True,
0b443bff-e556-4f29-87c8-1ab117d55149,2026-06-13T01:23:35.376600+00:00,speedup_concurrency,postgres,1.0,11,4,1,0.12965294199966593,4,4,0,30.851594559345262,True,,True,
0b443bff-e556-4f29-87c8-1ab117d55149,2026-06-13T01:23:35.376600+00:00,speedup_concurrency,postgres,1.0,11,4,2,0.13154472499445546,4,4,0,30.407908794279646,True,,True,
0b443bff-e556-4f29-87c8-1ab117d55149,2026-06-13T01:23:35.376600+00:00,speedup_concurrency,postgres,1.0,11,4,3,0.1289326520054601,4,4,0,31.023948842924643,True,,True,
0b443bff-e556-4f29-87c8-1ab117d55149,2026-06-13T01:23:35.376600+00:00,speedup_concurrency,postgres,1.0,11,4,4,0.13047251800162485,4,4,0,30.657797222478575,True,,True,
0b443bff-e556-4f29-87c8-1ab117d55149,2026-06-13T01:23:35.376600+00:00,speedup_concurrency,postgres,1.0,11,4,5,0.13172209700132953,4,4,0,30.36696265137372,True,,True,
0b443bff-e556-4f29-87c8-1ab117d55149,2026-06-13T01:23:35.376600+00:00,speedup_concurrency,postgres,1.0,11,8,1,0.2580082249987754,8,8,0,31.006763447320218,True,,True,
0b443bff-e556-4f29-87c8-1ab117d55149,2026-06-13T01:23:35.376600+00:00,speedup_concurrency,postgres,1.0,11,8,2,0.24944551400403725,8,8,0,32.07113197421751,True,,True,
0b443bff-e556-4f29-87c8-1ab117d55149,2026-06-13T01:23:35.376600+00:00,speedup_concurrency,postgres,1.0,11,8,3,0.24270301000069594,8,8,0,32.96209634967881,True,,True,
0b443bff-e556-4f29-87c8-1ab117d55149,2026-06-13T01:23:35.376600+00:00,speedup_concurrency,postgres,1.0,11,8,4,0.24977488599688513,8,8,0,32.02884056205621,True,,True,
0b443bff-e556-4f29-87c8-1ab117d55149,2026-06-13T01:23:35.376600+00:00,speedup_concurrency,postgres,1.0,11,8,5,0.24538344100437826,8,8,0,32.60203690703506,True,,True,
0b443bff-e556-4f29-87c8-1ab117d55149,2026-06-13T01:23:35.376600+00:00,speedup_concurrency,postgres,1.0,11,16,1,0.5047574799973518,16,16,0,31.698391077005823,True,,True,
0b443bff-e556-4f29-87c8-1ab117d55149,2026-06-13T01:23:35.376600+00:00,speedup_concurrency,postgres,1.0,11,16,2,0.4980252730019856,16,16,0,32.126883649007524,True,,True,
0b443bff-e556-4f29-87c8-1ab117d55149,2026-06-13T01:23:35.376600+00:00,speedup_concurrency,postgres,1.0,11,16,3,0.49509014200157253,16,16,0,32.31734717099089,True,,True,
0b443bff-e556-4f29-87c8-1ab117d55149,2026-06-13T01:23:35.376600+00:00,speedup_concurrency,postgres,1.0,11,16,4,0.4968551979982294,16,16,0,32.20254123225861,True,,True,
0b443bff-e556-4f29-87c8-1ab117d55149,2026-06-13T01:23:35.376600+00:00,speedup_concurrency,postgres,1.0,11,16,5,0.5013150989980204,16,16,0,31.91605445752429,True,,True,
0b443bff-e556-4f29-87c8-1ab117d55149,2026-06-13T01:23:35.376600+00:00,speedup_concurrency,postgres,1.0,12,1,1,0.6294393579955795,1,1,0,1.5887153977540485,True,,True,
0b443bff-e556-4f29-87c8-1ab117d55149,2026-06-13T01:23:35.376600+00:00,speedup_concurrency,postgres,1.0,12,1,2,0.6247661580055137,1,1,0,1.60059885956751,True,,True,
0b443bff-e556-4f29-87c8-1ab117d55149,2026-06-13T01:23:35.376600+00:00,speedup_concurrency,postgres,1.0,12,1,3,0.6277753050017054,1,1,0,1.592926628417286,True,,True,
0b443bff-e556-4f29-87c8-1ab117d55149,2026-06-13T01:23:35.376600+00:00,speedup_concurrency,postgres,1.0,12,1,4,0.6265879009952187,1,1,0,1.5959452750550809,True,,True,
0b443bff-e556-4f29-87c8-1ab117d55149,2026-06-13T01:23:35.376600+00:00,speedup_concurrency,postgres,1.0,12,1,5,0.637084721995052,1,1,0,1.5696499468209923,True,,True,
0b443bff-e556-4f29-87c8-1ab117d55149,2026-06-13T01:23:35.376600+00:00,speedup_concurrency,postgres,1.0,12,4,1,1.1056179969964433,4,2,2,1.8089430575779908,True,,True,
0b443bff-e556-4f29-87c8-1ab117d55149,2026-06-13T01:23:35.376600+00:00,speedup_concurrency,postgres,1.0,12,4,2,0.16165059399645543,4,0,4,0.0,True,,True,
0b443bff-e556-4f29-87c8-1ab117d55149,2026-06-13T01:23:35.376600+00:00,speedup_concurrency,postgres,1.0,12,4,3,0.16009333800320746,4,0,4,0.0,True,,True,
0b443bff-e556-4f29-87c8-1ab117d55149,2026-06-13T01:23:35.376600+00:00,speedup_concurrency,postgres,1.0,12,4,4,1.0076166599974385,4,2,2,1.984881829966055,True,,True,
0b443bff-e556-4f29-87c8-1ab117d55149,2026-06-13T01:23:35.376600+00:00,speedup_concurrency,postgres,1.0,12,4,5,0.7072860859989305,4,1,3,1.4138550436598185,True,,True,
0b443bff-e556-4f29-87c8-1ab117d55149,2026-06-13T01:23:35.376600+00:00,speedup_concurrency,postgres,1.0,12,8,1,0.1552551670029061,8,0,8,0.0,True,,True,
0b443bff-e556-4f29-87c8-1ab117d55149,2026-06-13T01:23:35.376600+00:00,speedup_concurrency,postgres,1.0,12,8,2,0.7283533800000441,8,1,7,1.372959922283795,True,,True,
0b443bff-e556-4f29-87c8-1ab117d55149,2026-06-13T01:23:35.376600+00:00,speedup_concurrency,postgres,1.0,12,8,3,1.4561253159990883,8,2,6,1.3735081575913293,True,,True,
0b443bff-e556-4f29-87c8-1ab117d55149,2026-06-13T01:23:35.376600+00:00,speedup_concurrency,postgres,1.0,12,8,4,1.1394673320028232,8,2,6,1.7552060895722499,True,,True,
0b443bff-e556-4f29-87c8-1ab117d55149,2026-06-13T01:23:35.376600+00:00,speedup_concurrency,postgres,1.0,12,8,5,1.1197542469963082,8,2,6,1.7861061972883001,True,,True,
0b443bff-e556-4f29-87c8-1ab117d55149,2026-06-13T01:23:35.376600+00:00,speedup_concurrency,postgres,1.0,12,16,1,1.2358162259988603,16,2,14,1.6183636028758894,True,,True,
0b443bff-e556-4f29-87c8-1ab117d55149,2026-06-13T01:23:35.376600+00:00,speedup_concurrency,postgres,1.0,12,16,2,1.137964388995897,16,2,14,1.7575242418303927,True,,True,
0b443bff-e556-4f29-87c8-1ab117d55149,2026-06-13T01:23:35.376600+00:00,speedup_concurrency,postgres,1.0,12,16,3,1.3364702179969754,16,1,15,0.7482396439022355,True,,True,
0b443bff-e556-4f29-87c8-1ab117d55149,2026-06-13T01:23:35.376600+00:00,speedup_concurrency,postgres,1.0,12,16,4,1.5646724909965997,16,2,14,1.2782227664308994,True,,True,
0b443bff-e556-4f29-87c8-1ab117d55149,2026-06-13T01:23:35.376600+00:00,speedup_concurrency,postgres,1.0,12,16,5,1.319485034000536,16,1,15,0.7578714227383907,True,,True,
0b443bff-e556-4f29-87c8-1ab117d55149,2026-06-13T01:23:35.376600+00:00,speedup_concurrency,postgres,1.0,13,1,1,0.6040137089948985,1,1,0,1.6555915620922539,True,,True,
0b443bff-e556-4f29-87c8-1ab117d55149,2026-06-13T01:23:35.376600+00:00,speedup_concurrency,postgres,1.0,13,1,2,0.6170280229998752,1,1,0,1.62067193502523,True,,True,
0b443bff-e556-4f29-87c8-1ab117d55149,2026-06-13T01:23:35.376600+00:00,speedup_concurrency,postgres,1.0,13,1,3,0.6049735549968318,1,1,0,1.6529648143136388,True,,True,
0b443bff-e556-4f29-87c8-1ab117d55149,2026-06-13T01:23:35.376600+00:00,speedup_concurrency,postgres,1.0,13,1,4,0.6164113129998441,1,1,0,1.6222933922698024,True,,True,
0b443bff-e556-4f29-87c8-1ab117d55149,2026-06-13T01:23:35.376600+00:00,speedup_concurrency,postgres,1.0,13,1,5,0.6072104860068066,1,1,0,1.6468753801935996,True,,True,
0b443bff-e556-4f29-87c8-1ab117d55149,2026-06-13T01:23:35.376600+00:00,speedup_concurrency,postgres,1.0,13,4,1,2.3168976759989164,4,4,0,1.7264465502454374,True,,True,
0b443bff-e556-4f29-87c8-1ab117d55149,2026-06-13T01:23:35.376600+00:00,speedup_concurrency,postgres,1.0,13,4,2,2.2930530329977046,4,4,0,1.7443992539373616,True,,True,
0b443bff-e556-4f29-87c8-1ab117d55149,2026-06-13T01:23:35.376600+00:00,speedup_concurrency,postgres,1.0,13,4,3,2.294756840004993,4,4,0,1.7431040754589477,True,,True,
0b443bff-e556-4f29-87c8-1ab117d55149,2026-06-13T01:23:35.376600+00:00,speedup_concurrency,postgres,1.0,13,4,4,2.2818075210016104,4,4,0,1.7529962379316641,True,,True,
0b443bff-e556-4f29-87c8-1ab117d55149,2026-06-13T01:23:35.376600+00:00,speedup_concurrency,postgres,1.0,13,4,5,2.2773349939961918,4,4,0,1.7564390002109145,True,,True,
0b443bff-e556-4f29-87c8-1ab117d55149,2026-06-13T01:23:35.376600+00:00,speedup_concurrency,postgres,1.0,13,8,1,2.8098952360014664,8,5,3,1.7794257721562223,True,,True,
0b443bff-e556-4f29-87c8-1ab117d55149,2026-06-13T01:23:35.376600+00:00,speedup_concurrency,postgres,1.0,13,8,2,3.4088297790003708,8,6,2,1.7601348230886091,True,,True,
0b443bff-e556-4f29-87c8-1ab117d55149,2026-06-13T01:23:35.376600+00:00,speedup_concurrency,postgres,1.0,13,8,3,3.411482032999629,8,6,2,1.7587664076672134,True,,True,
0b443bff-e556-4f29-87c8-1ab117d55149,2026-06-13T01:23:35.376600+00:00,speedup_concurrency,postgres,1.0,13,8,4,3.10694400700595,8,5,3,1.6092983937674241,True,,True,
0b443bff-e556-4f29-87c8-1ab117d55149,2026-06-13T01:23:35.376600+00:00,speedup_concurrency,postgres,1.0,13,8,5,2.831789450996439,8,5,3,1.765667994222035,True,,True,
0b443bff-e556-4f29-87c8-1ab117d55149,2026-06-13T01:23:35.376600+00:00,speedup_concurrency,postgres,1.0,13,16,1,3.496920802994282,16,6,10,1.7157952204300495,True,,True,
0b443bff-e556-4f29-87c8-1ab117d55149,2026-06-13T01:23:35.376600+00:00,speedup_concurrency,postgres,1.0,13,16,2,3.356042500003241,16,6,10,1.7878200290950443,True,,True,
0b443bff-e556-4f29-87c8-1ab117d55149,2026-06-13T01:23:35.376600+00:00,speedup_concurrency,postgres,1.0,13,16,3,3.4328137310003513,16,6,10,1.747837334084407,True,,True,
0b443bff-e556-4f29-87c8-1ab117d55149,2026-06-13T01:23:35.376600+00:00,speedup_concurrency,postgres,1.0,13,16,4,3.472316334002244,16,6,10,1.7279531652245261,True,,True,
0b443bff-e556-4f29-87c8-1ab117d55149,2026-06-13T01:23:35.376600+00:00,speedup_concurrency,postgres,1.0,13,16,5,3.349605204995896,16,6,10,1.7912558742896243,True,,True,
0b443bff-e556-4f29-87c8-1ab117d55149,2026-06-13T01:23:35.376600+00:00,speedup_concurrency,postgres,1.0,14,1,1,0.2161581410036888,1,1,0,4.626242598852359,True,,True,
0b443bff-e556-4f29-87c8-1ab117d55149,2026-06-13T01:23:35.376600+00:00,speedup_concurrency,postgres,1.0,14,1,2,0.21652566899865633,1,1,0,4.618390071831186,True,,True,
0b443bff-e556-4f29-87c8-1ab117d55149,2026-06-13T01:23:35.376600+00:00,speedup_concurrency,postgres,1.0,14,1,3,0.21586211400426691,1,1,0,4.632586892854357,True,,True,
0b443bff-e556-4f29-87c8-1ab117d55149,2026-06-13T01:23:35.376600+00:00,speedup_concurrency,postgres,1.0,14,1,4,0.21796914700098569,1,1,0,4.587805263996734,True,,True,
0b443bff-e556-4f29-87c8-1ab117d55149,2026-06-13T01:23:35.376600+00:00,speedup_concurrency,postgres,1.0,14,1,5,0.21724479400290875,1,1,0,4.6031022496521175,True,,True,
0b443bff-e556-4f29-87c8-1ab117d55149,2026-06-13T01:23:35.376600+00:00,speedup_concurrency,postgres,1.0,14,4,1,0.3732221720056259,4,2,2,5.358738440571136,True,,True,
0b443bff-e556-4f29-87c8-1ab117d55149,2026-06-13T01:23:35.376600+00:00,speedup_concurrency,postgres,1.0,14,4,2,0.34413983099511825,4,1,3,2.905795580559187,True,,True,
0b443bff-e556-4f29-87c8-1ab117d55149,2026-06-13T01:23:35.376600+00:00,speedup_concurrency,postgres,1.0,14,4,3,0.3383380860032048,4,1,3,2.9556235061001312,True,,True,
0b443bff-e556-4f29-87c8-1ab117d55149,2026-06-13T01:23:35.376600+00:00,speedup_concurrency,postgres,1.0,14,4,4,0.3810336520036799,4,2,2,5.248880222213771,True,,True,
0b443bff-e556-4f29-87c8-1ab117d55149,2026-06-13T01:23:35.376600+00:00,speedup_concurrency,postgres,1.0,14,4,5,0.34312533699994674,4,1,3,2.914386937272881,True,,True,
0b443bff-e556-4f29-87c8-1ab117d55149,2026-06-13T01:23:35.376600+00:00,speedup_concurrency,postgres,1.0,14,8,1,0.47224253800231963,8,2,6,4.235111916136145,True,,True,
0b443bff-e556-4f29-87c8-1ab117d55149,2026-06-13T01:23:35.376600+00:00,speedup_concurrency,postgres,1.0,14,8,2,0.5554071750011644,8,1,7,1.8004808814324436,True,,True,
0b443bff-e556-4f29-87c8-1ab117d55149,2026-06-13T01:23:35.376600+00:00,speedup_concurrency,postgres,1.0,14,8,3,0.5705520990013611,8,2,6,3.5053766404516007,True,,True,
0b443bff-e556-4f29-87c8-1ab117d55149,2026-06-13T01:23:35.376600+00:00,speedup_concurrency,postgres,1.0,14,8,4,0.478630076002446,8,2,6,4.178592404188531,True,,True,
0b443bff-e556-4f29-87c8-1ab117d55149,2026-06-13T01:23:35.376600+00:00,speedup_concurrency,postgres,1.0,14,8,5,0.5454396319983061,8,1,7,1.8333834604873478,True,,True,
0b443bff-e556-4f29-87c8-1ab117d55149,2026-06-13T01:23:35.376600+00:00,speedup_concurrency,postgres,1.0,14,16,1,0.686183997997432,16,2,14,2.914670126142296,True,,True,
0b443bff-e556-4f29-87c8-1ab117d55149,2026-06-13T01:23:35.376600+00:00,speedup_concurrency,postgres,1.0,14,16,2,0.7291157259969623,16,2,14,2.7430487763314715,True,,True,
0b443bff-e556-4f29-87c8-1ab117d55149,2026-06-13T01:23:35.376600+00:00,speedup_concurrency,postgres,1.0,14,16,3,0.685667329998978,16,1,15,1.458433202587457,True,,True,
0b443bff-e556-4f29-87c8-1ab117d55149,2026-06-13T01:23:35.376600+00:00,speedup_concurrency,postgres,1.0,14,16,4,0.77129390600021,16,2,14,2.5930452508974646,True,,True,
0b443bff-e556-4f29-87c8-1ab117d55149,2026-06-13T01:23:35.376600+00:00,speedup_concurrency,postgres,1.0,14,16,5,0.581421925999166,16,2,14,3.4398427554362114,True,,True,
0b443bff-e556-4f29-87c8-1ab117d55149,2026-06-13T01:23:35.376600+00:00,speedup_concurrency,postgres,1.0,15,1,1,0.6974067470000591,1,1,0,1.43388346083769,True,,True,
0b443bff-e556-4f29-87c8-1ab117d55149,2026-06-13T01:23:35.376600+00:00,speedup_concurrency,postgres,1.0,15,1,2,0.7014826680024271,1,1,0,1.4255519710096958,True,,True,
0b443bff-e556-4f29-87c8-1ab117d55149,2026-06-13T01:23:35.376600+00:00,speedup_concurrency,postgres,1.0,15,1,3,0.6958717250017799,1,1,0,1.4370464613969511,True,,True,
0b443bff-e556-4f29-87c8-1ab117d55149,2026-06-13T01:23:35.376600+00:00,speedup_concurrency,postgres,1.0,15,1,4,0.6740100770039135,1,1,0,1.4836573429957691,True,,True,
0b443bff-e556-4f29-87c8-1ab117d55149,2026-06-13T01:23:35.376600+00:00,speedup_concurrency,postgres,1.0,15,1,5,0.701592867000727,1,1,0,1.425328059954412,True,,True,
0b443bff-e556-4f29-87c8-1ab117d55149,2026-06-13T01:23:35.376600+00:00,speedup_concurrency,postgres,1.0,15,4,1,2.7559234790023766,4,4,0,1.4514191088672643,True,,True,
0b443bff-e556-4f29-87c8-1ab117d55149,2026-06-13T01:23:35.376600+00:00,speedup_concurrency,postgres,1.0,15,4,2,2.7676507209980628,4,4,0,1.4452690759177627,True,,True,
0b443bff-e556-4f29-87c8-1ab117d55149,2026-06-13T01:23:35.376600+00:00,speedup_concurrency,postgres,1.0,15,4,3,2.7542598149957485,4,4,0,1.4522958140048143,True,,True,
0b443bff-e556-4f29-87c8-1ab117d55149,2026-06-13T01:23:35.376600+00:00,speedup_concurrency,postgres,1.0,15,4,4,2.7403024089944665,4,4,0,1.4596929108520436,True,,True,
0b443bff-e556-4f29-87c8-1ab117d55149,2026-06-13T01:23:35.376600+00:00,speedup_concurrency,postgres,1.0,15,4,5,2.7421988749993034,4,4,0,1.4586834078549522,True,,True,
0b443bff-e556-4f29-87c8-1ab117d55149,2026-06-13T01:23:35.376600+00:00,speedup_concurrency,postgres,1.0,15,8,1,5.491882611000619,8,8,0,1.4566953750933147,True,,True,
0b443bff-e556-4f29-87c8-1ab117d55149,2026-06-13T01:23:35.376600+00:00,speedup_concurrency,postgres,1.0,15,8,2,5.570187422999879,8,8,0,1.4362173823751736,True,,True,
0b443bff-e556-4f29-87c8-1ab117d55149,2026-06-13T01:23:35.376600+00:00,speedup_concurrency,postgres,1.0,15,8,3,5.48553112600348,8,8,0,1.4583820265055087,True,,True,
0b443bff-e556-4f29-87c8-1ab117d55149,2026-06-13T01:23:35.376600+00:00,speedup_concurrency,postgres,1.0,15,8,4,5.554174843004148,8,8,0,1.440357969658901,True,,True,
0b443bff-e556-4f29-87c8-1ab117d55149,2026-06-13T01:23:35.376600+00:00,speedup_concurrency,postgres,1.0,15,8,5,5.47296636000101,8,8,0,1.4617301612645988,True,,True,
0b443bff-e556-4f29-87c8-1ab117d55149,2026-06-13T01:23:35.376600+00:00,speedup_concurrency,postgres,1.0,15,16,1,10.972350721000112,16,16,0,1.458210770585141,True,,True,
0b443bff-e556-4f29-87c8-1ab117d55149,2026-06-13T01:23:35.376600+00:00,speedup_concurrency,postgres,1.0,15,16,2,11.047856978999334,16,16,0,1.4482446713796262,True,,True,
0b443bff-e556-4f29-87c8-1ab117d55149,2026-06-13T01:23:35.376600+00:00,speedup_concurrency,postgres,1.0,15,16,3,10.969647457000974,16,16,0,1.4585701192966405,True,,True,
0b443bff-e556-4f29-87c8-1ab117d55149,2026-06-13T01:23:35.376600+00:00,speedup_concurrency,postgres,1.0,15,16,4,10.929084944000351,16,16,0,1.463983497427512,True,,True,
0b443bff-e556-4f29-87c8-1ab117d55149,2026-06-13T01:23:35.376600+00:00,speedup_concurrency,postgres,1.0,15,16,5,11.042343118002464,16,16,0,1.4489678349077026,True,,True,
0b443bff-e556-4f29-87c8-1ab117d55149,2026-06-13T01:23:35.376600+00:00,speedup_concurrency,postgres,1.0,16,1,1,0.3187015559960855,1,1,0,3.1377317781664127,True,,True,
0b443bff-e556-4f29-87c8-1ab117d55149,2026-06-13T01:23:35.376600+00:00,speedup_concurrency,postgres,1.0,16,1,2,0.30940820799878566,1,1,0,3.2319763152628607,True,,True,
0b443bff-e556-4f29-87c8-1ab117d55149,2026-06-13T01:23:35.376600+00:00,speedup_concurrency,postgres,1.0,16,1,3,0.3097937189959339,1,1,0,3.227954405405893,True,,True,
0b443bff-e556-4f29-87c8-1ab117d55149,2026-06-13T01:23:35.376600+00:00,speedup_concurrency,postgres,1.0,16,1,4,0.31069979300082196,1,1,0,3.2185409276965773,True,,True,
0b443bff-e556-4f29-87c8-1ab117d55149,2026-06-13T01:23:35.376600+00:00,speedup_concurrency,postgres,1.0,16,1,5,0.3131955479984754,1,1,0,3.1928934060227063,True,,True,
0b443bff-e556-4f29-87c8-1ab117d55149,2026-06-13T01:23:35.376600+00:00,speedup_concurrency,postgres,1.0,16,4,1,0.9716154229972744,4,4,0,4.116855193241638,True,,True,
0b443bff-e556-4f29-87c8-1ab117d55149,2026-06-13T01:23:35.376600+00:00,speedup_concurrency,postgres,1.0,16,4,2,1.0038726689963369,4,4,0,3.984569082849088,True,,True,
0b443bff-e556-4f29-87c8-1ab117d55149,2026-06-13T01:23:35.376600+00:00,speedup_concurrency,postgres,1.0,16,4,3,1.0116303430040716,4,4,0,3.9540134671345073,True,,True,
0b443bff-e556-4f29-87c8-1ab117d55149,2026-06-13T01:23:35.376600+00:00,speedup_concurrency,postgres,1.0,16,4,4,1.004376698001579,4,4,0,3.9825694960455085,True,,True,
0b443bff-e556-4f29-87c8-1ab117d55149,2026-06-13T01:23:35.376600+00:00,speedup_concurrency,postgres,1.0,16,4,5,0.9947931380011141,4,4,0,4.02093646126007,True,,True,
0b443bff-e556-4f29-87c8-1ab117d55149,2026-06-13T01:23:35.376600+00:00,speedup_concurrency,postgres,1.0,16,8,1,1.9957976029982092,8,8,0,4.008422491329737,True,,True,
0b443bff-e556-4f29-87c8-1ab117d55149,2026-06-13T01:23:35.376600+00:00,speedup_concurrency,postgres,1.0,16,8,2,1.9479495139967185,8,8,0,4.106882618115675,True,,True,
0b443bff-e556-4f29-87c8-1ab117d55149,2026-06-13T01:23:35.376600+00:00,speedup_concurrency,postgres,1.0,16,8,3,1.980500518999179,8,8,0,4.039382935401956,True,,True,
0b443bff-e556-4f29-87c8-1ab117d55149,2026-06-13T01:23:35.376600+00:00,speedup_concurrency,postgres,1.0,16,8,4,1.9437978540008771,8,8,0,4.115654301980925,True,,True,
0b443bff-e556-4f29-87c8-1ab117d55149,2026-06-13T01:23:35.376600+00:00,speedup_concurrency,postgres,1.0,16,8,5,1.976646630995674,8,8,0,4.047258561319202,True,,True,
0b443bff-e556-4f29-87c8-1ab117d55149,2026-06-13T01:23:35.376600+00:00,speedup_concurrency,postgres,1.0,16,16,1,3.8983565470043686,16,16,0,4.104293644534631,True,,True,
0b443bff-e556-4f29-87c8-1ab117d55149,2026-06-13T01:23:35.376600+00:00,speedup_concurrency,postgres,1.0,16,16,2,3.883339148997038,16,16,0,4.120165503477174,True,,True,
0b443bff-e556-4f29-87c8-1ab117d55149,2026-06-13T01:23:35.376600+00:00,speedup_concurrency,postgres,1.0,16,16,3,3.93677410500095,16,16,0,4.064241323797302,True,,True,
0b443bff-e556-4f29-87c8-1ab117d55149,2026-06-13T01:23:35.376600+00:00,speedup_concurrency,postgres,1.0,16,16,4,3.8868544300057692,16,16,0,4.116439215341607,True,,True,
0b443bff-e556-4f29-87c8-1ab117d55149,2026-06-13T01:23:35.376600+00:00,speedup_concurrency,postgres,1.0,16,16,5,3.888145769997209,16,16,0,4.115072054001588,True,,True,
0b443bff-e556-4f29-87c8-1ab117d55149,2026-06-13T01:23:35.376600+00:00,speedup_concurrency,postgres,1.0,17,1,1,0.8521590790041955,1,1,0,1.173489815033792,True,,True,
0b443bff-e556-4f29-87c8-1ab117d55149,2026-06-13T01:23:35.376600+00:00,speedup_concurrency,postgres,1.0,17,1,2,0.826473598004668,1,1,0,1.2099600064832947,True,,True,
0b443bff-e556-4f29-87c8-1ab117d55149,2026-06-13T01:23:35.376600+00:00,speedup_concurrency,postgres,1.0,17,1,3,0.8562468480013194,1,1,0,1.1678875108670286,True,,True,
0b443bff-e556-4f29-87c8-1ab117d55149,2026-06-13T01:23:35.376600+00:00,speedup_concurrency,postgres,1.0,17,1,4,0.8255806800007122,1,1,0,1.2112686551714575,True,,True,
0b443bff-e556-4f29-87c8-1ab117d55149,2026-06-13T01:23:35.376600+00:00,speedup_concurrency,postgres,1.0,17,1,5,0.8258187160026864,1,1,0,1.2109195161383906,True,,True,
0b443bff-e556-4f29-87c8-1ab117d55149,2026-06-13T01:23:35.376600+00:00,speedup_concurrency,postgres,1.0,17,4,1,1.515804308000952,4,4,0,2.638863063580558,True,,True,
0b443bff-e556-4f29-87c8-1ab117d55149,2026-06-13T01:23:35.376600+00:00,speedup_concurrency,postgres,1.0,17,4,2,1.5851174169947626,4,4,0,2.5234723668506738,True,,True,
0b443bff-e556-4f29-87c8-1ab117d55149,2026-06-13T01:23:35.376600+00:00,speedup_concurrency,postgres,1.0,17,4,3,1.4408063200025936,4,4,0,2.7762232469890886,True,,True,
0b443bff-e556-4f29-87c8-1ab117d55149,2026-06-13T01:23:35.376600+00:00,speedup_concurrency,postgres,1.0,17,4,4,1.387084579000657,4,4,0,2.8837462837932,True,,True,
0b443bff-e556-4f29-87c8-1ab117d55149,2026-06-13T01:23:35.376600+00:00,speedup_concurrency,postgres,1.0,17,4,5,1.4648635129997274,4,4,0,2.7306298262620077,True,,True,
0b443bff-e556-4f29-87c8-1ab117d55149,2026-06-13T01:23:35.376600+00:00,speedup_concurrency,postgres,1.0,17,8,1,2.6859688550030114,8,8,0,2.9784410884358636,True,,True,
0b443bff-e556-4f29-87c8-1ab117d55149,2026-06-13T01:23:35.376600+00:00,speedup_concurrency,postgres,1.0,17,8,2,2.625220748996071,8,8,0,3.047362780085955,True,,True,
0b443bff-e556-4f29-87c8-1ab117d55149,2026-06-13T01:23:35.376600+00:00,speedup_concurrency,postgres,1.0,17,8,3,2.6404704509986914,8,8,0,3.0297631230730877,True,,True,
0b443bff-e556-4f29-87c8-1ab117d55149,2026-06-13T01:23:35.376600+00:00,speedup_concurrency,postgres,1.0,17,8,4,2.64907705099904,8,8,0,3.019919710143191,True,,True,
0b443bff-e556-4f29-87c8-1ab117d55149,2026-06-13T01:23:35.376600+00:00,speedup_concurrency,postgres,1.0,17,8,5,2.6536387290034327,8,8,0,3.014728385052015,True,,True,
0b443bff-e556-4f29-87c8-1ab117d55149,2026-06-13T01:23:35.376600+00:00,speedup_concurrency,postgres,1.0,17,16,1,5.189993838997907,16,16,0,3.0828552973945933,True,,True,
0b443bff-e556-4f29-87c8-1ab117d55149,2026-06-13T01:23:35.376600+00:00,speedup_concurrency,postgres,1.0,17,16,2,5.192398655999568,16,16,0,3.081427498158826,True,,True,
0b443bff-e556-4f29-87c8-1ab117d55149,2026-06-13T01:23:35.376600+00:00,speedup_concurrency,postgres,1.0,17,16,3,5.191480989000411,16,16,0,3.0819721836409357,True,,True,
0b443bff-e556-4f29-87c8-1ab117d55149,2026-06-13T01:23:35.376600+00:00,speedup_concurrency,postgres,1.0,17,16,4,5.1873261950022425,16,16,0,3.084440692280984,True,,True,
0b443bff-e556-4f29-87c8-1ab117d55149,2026-06-13T01:23:35.376600+00:00,speedup_concurrency,postgres,1.0,17,16,5,5.223591993999435,16,16,0,3.0630263654550145,True,,True,
0b443bff-e556-4f29-87c8-1ab117d55149,2026-06-13T01:23:35.376600+00:00,speedup_concurrency,postgres,1.0,18,1,1,2.820848401999683,1,1,0,0.3545032761388757,True,,True,
0b443bff-e556-4f29-87c8-1ab117d55149,2026-06-13T01:23:35.376600+00:00,speedup_concurrency,postgres,1.0,18,1,2,2.819122412998695,1,1,0,0.3547203184186323,True,,True,
0b443bff-e556-4f29-87c8-1ab117d55149,2026-06-13T01:23:35.376600+00:00,speedup_concurrency,postgres,1.0,18,1,3,2.848086546997365,1,1,0,0.35111292564274915,True,,True,
0b443bff-e556-4f29-87c8-1ab117d55149,2026-06-13T01:23:35.376600+00:00,speedup_concurrency,postgres,1.0,18,1,4,2.8120626070012804,1,1,0,0.3556108592711516,True,,True,
0b443bff-e556-4f29-87c8-1ab117d55149,2026-06-13T01:23:35.376600+00:00,speedup_concurrency,postgres,1.0,18,1,5,2.763856247001968,1,1,0,0.3618133182884341,True,,True,
0b443bff-e556-4f29-87c8-1ab117d55149,2026-06-13T01:23:35.376600+00:00,speedup_concurrency,postgres,1.0,18,4,1,8.299973614004557,4,4,0,0.48192924291359124,True,,True,
0b443bff-e556-4f29-87c8-1ab117d55149,2026-06-13T01:23:35.376600+00:00,speedup_concurrency,postgres,1.0,18,4,2,8.234401426001568,4,4,0,0.4857669420110243,True,,True,
0b443bff-e556-4f29-87c8-1ab117d55149,2026-06-13T01:23:35.376600+00:00,speedup_concurrency,postgres,1.0,18,4,3,8.336365359995398,4,4,0,0.4798254187844531,True,,True,
0b443bff-e556-4f29-87c8-1ab117d55149,2026-06-13T01:23:35.376600+00:00,speedup_concurrency,postgres,1.0,18,4,4,8.3086812679976,4,4,0,0.48142417201713217,True,,True,
0b443bff-e556-4f29-87c8-1ab117d55149,2026-06-13T01:23:35.376600+00:00,speedup_concurrency,postgres,1.0,18,4,5,8.255558458993619,4,4,0,0.48452203686382883,True,,True,
0b443bff-e556-4f29-87c8-1ab117d55149,2026-06-13T01:23:35.376600+00:00,speedup_concurrency,postgres,1.0,18,8,1,7.553476782006328,8,4,4,0.5295574628002675,True,,True,
0b443bff-e556-4f29-87c8-1ab117d55149,2026-06-13T01:23:35.376600+00:00,speedup_concurrency,postgres,1.0,18,8,2,6.921581622998929,8,4,4,0.5779025976821337,True,,True,
0b443bff-e556-4f29-87c8-1ab117d55149,2026-06-13T01:23:35.376600+00:00,speedup_concurrency,postgres,1.0,18,8,3,6.929643033996399,8,4,4,0.5772303104757702,True,,True,
0b443bff-e556-4f29-87c8-1ab117d55149,2026-06-13T01:23:35.376600+00:00,speedup_concurrency,postgres,1.0,18,8,4,6.395841657998972,8,4,4,0.6254063521096387,True,,True,
0b443bff-e556-4f29-87c8-1ab117d55149,2026-06-13T01:23:35.376600+00:00,speedup_concurrency,postgres,1.0,18,8,5,5.641943782997259,8,3,5,0.5317316363627895,True,,True,
0b443bff-e556-4f29-87c8-1ab117d55149,2026-06-13T01:23:35.376600+00:00,speedup_concurrency,postgres,1.0,18,16,1,6.674227898998652,16,4,12,0.5993202600408848,True,,True,
0b443bff-e556-4f29-87c8-1ab117d55149,2026-06-13T01:23:35.376600+00:00,speedup_concurrency,postgres,1.0,18,16,2,6.725468994001858,16,4,12,0.5947540615483351,True,,True,
0b443bff-e556-4f29-87c8-1ab117d55149,2026-06-13T01:23:35.376600+00:00,speedup_concurrency,postgres,1.0,18,16,3,6.040125214,16,4,12,0.6622379269106324,True,,True,
0b443bff-e556-4f29-87c8-1ab117d55149,2026-06-13T01:23:35.376600+00:00,speedup_concurrency,postgres,1.0,18,16,4,5.995640809000179,16,4,12,0.6671513733770573,True,,True,
0b443bff-e556-4f29-87c8-1ab117d55149,2026-06-13T01:23:35.376600+00:00,speedup_concurrency,postgres,1.0,18,16,5,6.715331845000037,16,4,12,0.5956518742969101,True,,True,
0b443bff-e556-4f29-87c8-1ab117d55149,2026-06-13T01:23:35.376600+00:00,speedup_concurrency,postgres,1.0,19,1,1,0.06216670499998145,1,1,0,16.085780965877127,True,,True,
0b443bff-e556-4f29-87c8-1ab117d55149,2026-06-13T01:23:35.376600+00:00,speedup_concurrency,postgres,1.0,19,1,2,0.061335318998317234,1,1,0,16.303819990362086,True,,True,
0b443bff-e556-4f29-87c8-1ab117d55149,2026-06-13T01:23:35.376600+00:00,speedup_concurrency,postgres,1.0,19,1,3,0.04597181199642364,1,1,0,21.752459965637087,True,,True,
0b443bff-e556-4f29-87c8-1ab117d55149,2026-06-13T01:23:35.376600+00:00,speedup_concurrency,postgres,1.0,19,1,4,0.04197918400313938,1,1,0,23.821330112686702,True,,True,
0b443bff-e556-4f29-87c8-1ab117d55149,2026-06-13T01:23:35.376600+00:00,speedup_concurrency,postgres,1.0,19,1,5,0.04184720099874539,1,1,0,23.89646084166969,True,,True,
0b443bff-e556-4f29-87c8-1ab117d55149,2026-06-13T01:23:35.376600+00:00,speedup_concurrency,postgres,1.0,19,4,1,0.1318118580020382,4,4,0,30.34628341205954,True,,True,
0b443bff-e556-4f29-87c8-1ab117d55149,2026-06-13T01:23:35.376600+00:00,speedup_concurrency,postgres,1.0,19,4,2,0.12460265999834519,4,4,0,32.102043407846374,True,,True,
0b443bff-e556-4f29-87c8-1ab117d55149,2026-06-13T01:23:35.376600+00:00,speedup_concurrency,postgres,1.0,19,4,3,0.12354201600101078,4,4,0,32.37764875042409,True,,True,
0b443bff-e556-4f29-87c8-1ab117d55149,2026-06-13T01:23:35.376600+00:00,speedup_concurrency,postgres,1.0,19,4,4,0.12189568799658446,4,4,0,32.814942560659574,True,,True,
0b443bff-e556-4f29-87c8-1ab117d55149,2026-06-13T01:23:35.376600+00:00,speedup_concurrency,postgres,1.0,19,4,5,0.15771904699795414,4,4,0,25.36155319307684,True,,True,
0b443bff-e556-4f29-87c8-1ab117d55149,2026-06-13T01:23:35.376600+00:00,speedup_concurrency,postgres,1.0,19,8,1,0.23476532399945427,8,8,0,34.07658279217844,True,,True,
0b443bff-e556-4f29-87c8-1ab117d55149,2026-06-13T01:23:35.376600+00:00,speedup_concurrency,postgres,1.0,19,8,2,0.23144531899743015,8,8,0,34.56539987351754,True,,True,
0b443bff-e556-4f29-87c8-1ab117d55149,2026-06-13T01:23:35.376600+00:00,speedup_concurrency,postgres,1.0,19,8,3,0.23136761599744204,8,8,0,34.577008392083904,True,,True,
0b443bff-e556-4f29-87c8-1ab117d55149,2026-06-13T01:23:35.376600+00:00,speedup_concurrency,postgres,1.0,19,8,4,0.22938141499616904,8,8,0,34.87640879769449,True,,True,
0b443bff-e556-4f29-87c8-1ab117d55149,2026-06-13T01:23:35.376600+00:00,speedup_concurrency,postgres,1.0,19,8,5,0.2259531110030366,8,8,0,35.405575805028356,True,,True,
0b443bff-e556-4f29-87c8-1ab117d55149,2026-06-13T01:23:35.376600+00:00,speedup_concurrency,postgres,1.0,19,16,1,0.42766680200293195,16,16,0,37.41230304775985,True,,True,
0b443bff-e556-4f29-87c8-1ab117d55149,2026-06-13T01:23:35.376600+00:00,speedup_concurrency,postgres,1.0,19,16,2,0.43753578500036383,16,16,0,36.568437482174616,True,,True,
0b443bff-e556-4f29-87c8-1ab117d55149,2026-06-13T01:23:35.376600+00:00,speedup_concurrency,postgres,1.0,19,16,3,0.42367988700425485,16,16,0,37.76436052495293,True,,True,
0b443bff-e556-4f29-87c8-1ab117d55149,2026-06-13T01:23:35.376600+00:00,speedup_concurrency,postgres,1.0,19,16,4,0.42441337399941403,16,16,0,37.699094751010584,True,,True,
0b443bff-e556-4f29-87c8-1ab117d55149,2026-06-13T01:23:35.376600+00:00,speedup_concurrency,postgres,1.0,19,16,5,0.43120128799637314,16,16,0,37.10564055674754,True,,True,
0b443bff-e556-4f29-87c8-1ab117d55149,2026-06-13T01:23:35.376600+00:00,speedup_concurrency,postgres,1.0,20,1,1,0.661357566001243,1,1,0,1.5120413697635398,True,,True,
0b443bff-e556-4f29-87c8-1ab117d55149,2026-06-13T01:23:35.376600+00:00,speedup_concurrency,postgres,1.0,20,1,2,0.6735503989984863,1,1,0,1.4846698947649903,True,,True,
0b443bff-e556-4f29-87c8-1ab117d55149,2026-06-13T01:23:35.376600+00:00,speedup_concurrency,postgres,1.0,20,1,3,0.6760002160008298,1,1,0,1.479289468154212,True,,True,
0b443bff-e556-4f29-87c8-1ab117d55149,2026-06-13T01:23:35.376600+00:00,speedup_concurrency,postgres,1.0,20,1,4,0.6714936089992989,1,1,0,1.4892174498730697,True,,True,
0b443bff-e556-4f29-87c8-1ab117d55149,2026-06-13T01:23:35.376600+00:00,speedup_concurrency,postgres,1.0,20,1,5,0.6664080190021195,1,1,0,1.5005821831156858,True,,True,
0b443bff-e556-4f29-87c8-1ab117d55149,2026-06-13T01:23:35.376600+00:00,speedup_concurrency,postgres,1.0,20,4,1,1.282194169005379,4,4,0,3.119652309059299,True,,True,
0b443bff-e556-4f29-87c8-1ab117d55149,2026-06-13T01:23:35.376600+00:00,speedup_concurrency,postgres,1.0,20,4,2,1.27582295499451,4,4,0,3.1352312515941625,True,,True,
0b443bff-e556-4f29-87c8-1ab117d55149,2026-06-13T01:23:35.376600+00:00,speedup_concurrency,postgres,1.0,20,4,3,1.266171404000488,4,4,0,3.1591299466738376,True,,True,
0b443bff-e556-4f29-87c8-1ab117d55149,2026-06-13T01:23:35.376600+00:00,speedup_concurrency,postgres,1.0,20,4,4,1.278095483998186,4,4,0,3.1296566258782565,True,,True,
0b443bff-e556-4f29-87c8-1ab117d55149,2026-06-13T01:23:35.376600+00:00,speedup_concurrency,postgres,1.0,20,4,5,1.2730461449973518,4,4,0,3.142069920810546,True,,True,
0b443bff-e556-4f29-87c8-1ab117d55149,2026-06-13T01:23:35.376600+00:00,speedup_concurrency,postgres,1.0,20,8,1,1.3966490020029596,8,8,0,5.727996073836057,True,,True,
0b443bff-e556-4f29-87c8-1ab117d55149,2026-06-13T01:23:35.376600+00:00,speedup_concurrency,postgres,1.0,20,8,2,1.3983933370036539,8,8,0,5.720851056929125,True,,True,
0b443bff-e556-4f29-87c8-1ab117d55149,2026-06-13T01:23:35.376600+00:00,speedup_concurrency,postgres,1.0,20,8,3,1.3907984320030664,8,8,0,5.752091615805303,True,,True,
0b443bff-e556-4f29-87c8-1ab117d55149,2026-06-13T01:23:35.376600+00:00,speedup_concurrency,postgres,1.0,20,8,4,1.369905353996728,8,8,0,5.839819500420106,True,,True,
0b443bff-e556-4f29-87c8-1ab117d55149,2026-06-13T01:23:35.376600+00:00,speedup_concurrency,postgres,1.0,20,8,5,1.425260783995327,8,8,0,5.61300787184658,True,,True,
0b443bff-e556-4f29-87c8-1ab117d55149,2026-06-13T01:23:35.376600+00:00,speedup_concurrency,postgres,1.0,20,16,1,2.6672834159980994,16,16,0,5.998612634875469,True,,True,
0b443bff-e556-4f29-87c8-1ab117d55149,2026-06-13T01:23:35.376600+00:00,speedup_concurrency,postgres,1.0,20,16,2,2.6777667089991155,16,16,0,5.975128433044271,True,,True,
0b443bff-e556-4f29-87c8-1ab117d55149,2026-06-13T01:23:35.376600+00:00,speedup_concurrency,postgres,1.0,20,16,3,2.6494106959944475,16,16,0,6.039078812578905,True,,True,
0b443bff-e556-4f29-87c8-1ab117d55149,2026-06-13T01:23:35.376600+00:00,speedup_concurrency,postgres,1.0,20,16,4,2.6850736979977228,16,16,0,5.958868098082859,True,,True,
0b443bff-e556-4f29-87c8-1ab117d55149,2026-06-13T01:23:35.376600+00:00,speedup_concurrency,postgres,1.0,20,16,5,2.6732674239974585,16,16,0,5.985184967418812,True,,True,
0b443bff-e556-4f29-87c8-1ab117d55149,2026-06-13T01:23:35.376600+00:00,speedup_concurrency,postgres,1.0,21,1,1,1.2394041160005145,1,1,0,0.80683934084949,True,,True,
0b443bff-e556-4f29-87c8-1ab117d55149,2026-06-13T01:23:35.376600+00:00,speedup_concurrency,postgres,1.0,21,1,2,1.2488276770018274,1,1,0,0.8007509910420865,True,,True,
0b443bff-e556-4f29-87c8-1ab117d55149,2026-06-13T01:23:35.376600+00:00,speedup_concurrency,postgres,1.0,21,1,3,1.2583295160002308,1,1,0,0.7947043976037645,True,,True,
0b443bff-e556-4f29-87c8-1ab117d55149,2026-06-13T01:23:35.376600+00:00,speedup_concurrency,postgres,1.0,21,1,4,1.289147164003225,1,1,0,0.7757066283221473,True,,True,
0b443bff-e556-4f29-87c8-1ab117d55149,2026-06-13T01:23:35.376600+00:00,speedup_concurrency,postgres,1.0,21,1,5,1.28844417000073,1,1,0,0.776129865215218,True,,True,
0b443bff-e556-4f29-87c8-1ab117d55149,2026-06-13T01:23:35.376600+00:00,speedup_concurrency,postgres,1.0,21,4,1,2.4448449639967293,4,4,0,1.6360955638925132,True,,True,
0b443bff-e556-4f29-87c8-1ab117d55149,2026-06-13T01:23:35.376600+00:00,speedup_concurrency,postgres,1.0,21,4,2,2.419556200002262,4,4,0,1.653195738952565,True,,True,
0b443bff-e556-4f29-87c8-1ab117d55149,2026-06-13T01:23:35.376600+00:00,speedup_concurrency,postgres,1.0,21,4,3,2.4463538589989184,4,4,0,1.6350864308881523,True,,True,
0b443bff-e556-4f29-87c8-1ab117d55149,2026-06-13T01:23:35.376600+00:00,speedup_concurrency,postgres,1.0,21,4,4,2.449610659001337,4,4,0,1.632912555022409,True,,True,
0b443bff-e556-4f29-87c8-1ab117d55149,2026-06-13T01:23:35.376600+00:00,speedup_concurrency,postgres,1.0,21,4,5,2.441393319000781,4,4,0,1.6384086778926426,True,,True,
0b443bff-e556-4f29-87c8-1ab117d55149,2026-06-13T01:23:35.376600+00:00,speedup_concurrency,postgres,1.0,21,8,1,3.3006356339974445,8,8,0,2.4237755654086217,True,,True,
0b443bff-e556-4f29-87c8-1ab117d55149,2026-06-13T01:23:35.376600+00:00,speedup_concurrency,postgres,1.0,21,8,2,3.1797939719981514,8,8,0,2.515886271390369,True,,True,
0b443bff-e556-4f29-87c8-1ab117d55149,2026-06-13T01:23:35.376600+00:00,speedup_concurrency,postgres,1.0,21,8,3,3.187263002000691,8,8,0,2.509990545172546,True,,True,
0b443bff-e556-4f29-87c8-1ab117d55149,2026-06-13T01:23:35.376600+00:00,speedup_concurrency,postgres,1.0,21,8,4,3.217470889998367,8,8,0,2.4864249820777897,True,,True,
0b443bff-e556-4f29-87c8-1ab117d55149,2026-06-13T01:23:35.376600+00:00,speedup_concurrency,postgres,1.0,21,8,5,3.281089393000002,8,8,0,2.438214581128907,True,,True,
0b443bff-e556-4f29-87c8-1ab117d55149,2026-06-13T01:23:35.376600+00:00,speedup_concurrency,postgres,1.0,21,16,1,5.523485655998229,16,16,0,2.8967215625200007,True,,True,
0b443bff-e556-4f29-87c8-1ab117d55149,2026-06-13T01:23:35.376600+00:00,speedup_concurrency,postgres,1.0,21,16,2,5.526541418999841,16,16,0,2.8951198927041752,True,,True,
0b443bff-e556-4f29-87c8-1ab117d55149,2026-06-13T01:23:35.376600+00:00,speedup_concurrency,postgres,1.0,21,16,3,5.273212539999804,16,16,0,3.0342035104089686,True,,True,
0b443bff-e556-4f29-87c8-1ab117d55149,2026-06-13T01:23:35.376600+00:00,speedup_concurrency,postgres,1.0,21,16,4,5.333846050001739,16,16,0,2.999711624596811,True,,True,
0b443bff-e556-4f29-87c8-1ab117d55149,2026-06-13T01:23:35.376600+00:00,speedup_concurrency,postgres,1.0,21,16,5,5.3371292340016225,16,16,0,2.997866324477901,True,,True,
0b443bff-e556-4f29-87c8-1ab117d55149,2026-06-13T01:23:35.376600+00:00,speedup_concurrency,postgres,1.0,22,1,1,0.09125105899875052,1,1,0,10.958776927878642,True,,True,
0b443bff-e556-4f29-87c8-1ab117d55149,2026-06-13T01:23:35.376600+00:00,speedup_concurrency,postgres,1.0,22,1,2,0.07763297799829161,1,1,0,12.881123792803697,True,,True,
0b443bff-e556-4f29-87c8-1ab117d55149,2026-06-13T01:23:35.376600+00:00,speedup_concurrency,postgres,1.0,22,1,3,0.07898224399832543,1,1,0,12.661073544848914,True,,True,
0b443bff-e556-4f29-87c8-1ab117d55149,2026-06-13T01:23:35.376600+00:00,speedup_concurrency,postgres,1.0,22,1,4,0.07770895800058497,1,1,0,12.868529262642697,True,,True,
0b443bff-e556-4f29-87c8-1ab117d55149,2026-06-13T01:23:35.376600+00:00,speedup_concurrency,postgres,1.0,22,1,5,0.07717732900346164,1,1,0,12.95717295366813,True,,True,
0b443bff-e556-4f29-87c8-1ab117d55149,2026-06-13T01:23:35.376600+00:00,speedup_concurrency,postgres,1.0,22,4,1,0.2592225539992796,4,4,0,15.43075607538037,True,,True,
0b443bff-e556-4f29-87c8-1ab117d55149,2026-06-13T01:23:35.376600+00:00,speedup_concurrency,postgres,1.0,22,4,2,0.25629648699396057,4,4,0,15.606924803827908,True,,True,
0b443bff-e556-4f29-87c8-1ab117d55149,2026-06-13T01:23:35.376600+00:00,speedup_concurrency,postgres,1.0,22,4,3,0.25527379699633457,4,4,0,15.669450006486311,True,,True,
0b443bff-e556-4f29-87c8-1ab117d55149,2026-06-13T01:23:35.376600+00:00,speedup_concurrency,postgres,1.0,22,4,4,0.25212790600198787,4,4,0,15.864963396667653,True,,True,
0b443bff-e556-4f29-87c8-1ab117d55149,2026-06-13T01:23:35.376600+00:00,speedup_concurrency,postgres,1.0,22,4,5,0.24647285399987595,4,4,0,16.228967754810082,True,,True,
0b443bff-e556-4f29-87c8-1ab117d55149,2026-06-13T01:23:35.376600+00:00,speedup_concurrency,postgres,1.0,22,8,1,0.49190588599594776,8,8,0,16.263273580885556,True,,True,
0b443bff-e556-4f29-87c8-1ab117d55149,2026-06-13T01:23:35.376600+00:00,speedup_concurrency,postgres,1.0,22,8,2,0.48871234899706906,8,8,0,16.369547478015495,True,,True,
0b443bff-e556-4f29-87c8-1ab117d55149,2026-06-13T01:23:35.376600+00:00,speedup_concurrency,postgres,1.0,22,8,3,0.48964717400667723,8,8,0,16.3382950513892,True,,True,
0b443bff-e556-4f29-87c8-1ab117d55149,2026-06-13T01:23:35.376600+00:00,speedup_concurrency,postgres,1.0,22,8,4,0.514111853997747,8,8,0,15.560816071039396,True,,True,
0b443bff-e556-4f29-87c8-1ab117d55149,2026-06-13T01:23:35.376600+00:00,speedup_concurrency,postgres,1.0,22,8,5,0.478878813002666,8,8,0,16.70568791682054,True,,True,
0b443bff-e556-4f29-87c8-1ab117d55149,2026-06-13T01:23:35.376600+00:00,speedup_concurrency,postgres,1.0,22,16,1,0.9312432860024273,16,16,0,17.181331925284127,True,,True,
0b443bff-e556-4f29-87c8-1ab117d55149,2026-06-13T01:23:35.376600+00:00,speedup_concurrency,postgres,1.0,22,16,2,0.9253297960021882,16,16,0,17.2911323823427,True,,True,
0b443bff-e556-4f29-87c8-1ab117d55149,2026-06-13T01:23:35.376600+00:00,speedup_concurrency,postgres,1.0,22,16,3,0.9208598580007674,16,16,0,17.37506512091514,True,,True,
0b443bff-e556-4f29-87c8-1ab117d55149,2026-06-13T01:23:35.376600+00:00,speedup_concurrency,postgres,1.0,22,16,4,0.9188189679989591,16,16,0,17.413658791617507,True,,True,
0b443bff-e556-4f29-87c8-1ab117d55149,2026-06-13T01:23:35.376600+00:00,speedup_concurrency,postgres,1.0,22,16,5,0.9201213580017793,16,16,0,17.389010548290152,True,,True,
b54138a9-6563-462b-8b53-ec465d42a5dd,2026-06-13T10:57:31.274237+00:00,speedup_concurrency,mysql,1.0,1,1,1,19.91604345700034,1,1,0,0.050210776159383574,True,,True,
b54138a9-6563-462b-8b53-ec465d42a5dd,2026-06-13T10:57:31.274237+00:00,speedup_concurrency,mysql,1.0,1,1,2,19.964041355000518,1,1,0,0.05009005853163712,True,,True,
b54138a9-6563-462b-8b53-ec465d42a5dd,2026-06-13T10:57:31.274237+00:00,speedup_concurrency,mysql,1.0,1,1,3,19.84173294899665,1,1,0,0.05039882365973319,True,,True,
b54138a9-6563-462b-8b53-ec465d42a5dd,2026-06-13T10:57:31.274237+00:00,speedup_concurrency,mysql,1.0,1,1,4,19.526603794998664,1,1,0,0.05121218264571586,True,,True,
b54138a9-6563-462b-8b53-ec465d42a5dd,2026-06-13T10:57:31.274237+00:00,speedup_concurrency,mysql,1.0,1,1,5,19.685607815001276,1,1,0,0.05079853309065505,True,,True,
b54138a9-6563-462b-8b53-ec465d42a5dd,2026-06-13T10:57:31.274237+00:00,speedup_concurrency,mysql,1.0,1,4,1,27.351353265003127,4,4,0,0.14624504905642527,True,,True,
b54138a9-6563-462b-8b53-ec465d42a5dd,2026-06-13T10:57:31.274237+00:00,speedup_concurrency,mysql,1.0,1,4,2,27.407981583004585,4,4,0,0.1459428884934876,True,,True,
b54138a9-6563-462b-8b53-ec465d42a5dd,2026-06-13T10:57:31.274237+00:00,speedup_concurrency,mysql,1.0,1,4,3,27.384593786999176,4,4,0,0.14606753093043864,True,,True,
b54138a9-6563-462b-8b53-ec465d42a5dd,2026-06-13T10:57:31.274237+00:00,speedup_concurrency,mysql,1.0,1,4,4,27.46666957600246,4,4,0,0.1456310525355716,True,,True,
b54138a9-6563-462b-8b53-ec465d42a5dd,2026-06-13T10:57:31.274237+00:00,speedup_concurrency,mysql,1.0,1,4,5,27.54899566799577,4,4,0,0.14519585571124402,True,,True,
b54138a9-6563-462b-8b53-ec465d42a5dd,2026-06-13T10:57:31.274237+00:00,speedup_concurrency,mysql,1.0,1,8,1,38.1504926130001,8,8,0,0.2096958506185562,True,,True,
b54138a9-6563-462b-8b53-ec465d42a5dd,2026-06-13T10:57:31.274237+00:00,speedup_concurrency,mysql,1.0,1,8,2,38.192609509998874,8,8,0,0.20946460853651777,True,,True,
b54138a9-6563-462b-8b53-ec465d42a5dd,2026-06-13T10:57:31.274237+00:00,speedup_concurrency,mysql,1.0,1,8,3,38.23186276000342,8,8,0,0.2092495479547825,True,,True,
b54138a9-6563-462b-8b53-ec465d42a5dd,2026-06-13T10:57:31.274237+00:00,speedup_concurrency,mysql,1.0,1,8,4,38.3448826849999,8,8,0,0.20863279373467772,True,,True,
b54138a9-6563-462b-8b53-ec465d42a5dd,2026-06-13T10:57:31.274237+00:00,speedup_concurrency,mysql,1.0,1,8,5,38.25182368900278,8,8,0,0.20914035537343448,True,,True,
b54138a9-6563-462b-8b53-ec465d42a5dd,2026-06-13T10:57:31.274237+00:00,speedup_concurrency,mysql,1.0,1,16,1,67.40538581900182,16,16,0,0.23736975622338982,True,,True,
b54138a9-6563-462b-8b53-ec465d42a5dd,2026-06-13T10:57:31.274237+00:00,speedup_concurrency,mysql,1.0,1,16,2,67.45340220799699,16,16,0,0.23720078567220304,True,,True,
b54138a9-6563-462b-8b53-ec465d42a5dd,2026-06-13T10:57:31.274237+00:00,speedup_concurrency,mysql,1.0,1,16,3,67.34724459300196,16,16,0,0.23757467876662852,True,,True,
b54138a9-6563-462b-8b53-ec465d42a5dd,2026-06-13T10:57:31.274237+00:00,speedup_concurrency,mysql,1.0,1,16,4,67.22468552799546,16,16,0,0.23800780731561566,True,,True,
b54138a9-6563-462b-8b53-ec465d42a5dd,2026-06-13T10:57:31.274237+00:00,speedup_concurrency,mysql,1.0,1,16,5,67.0825845329964,16,16,0,0.23851197909838973,True,,True,
b54138a9-6563-462b-8b53-ec465d42a5dd,2026-06-13T10:57:31.274237+00:00,speedup_concurrency,mysql,1.0,2,1,1,0.7278674090048298,1,1,0,1.3738765984415224,True,,True,
b54138a9-6563-462b-8b53-ec465d42a5dd,2026-06-13T10:57:31.274237+00:00,speedup_concurrency,mysql,1.0,2,1,2,0.0961150609946344,1,1,0,10.404196695623225,True,,True,
b54138a9-6563-462b-8b53-ec465d42a5dd,2026-06-13T10:57:31.274237+00:00,speedup_concurrency,mysql,1.0,2,1,3,0.11974963800457772,1,1,0,8.350755932654867,True,,True,
b54138a9-6563-462b-8b53-ec465d42a5dd,2026-06-13T10:57:31.274237+00:00,speedup_concurrency,mysql,1.0,2,1,4,0.27428406800027005,1,1,0,3.645855216056572,True,,True,
b54138a9-6563-462b-8b53-ec465d42a5dd,2026-06-13T10:57:31.274237+00:00,speedup_concurrency,mysql,1.0,2,1,5,0.09551798200118355,1,1,0,10.469232903052841,True,,True,
b54138a9-6563-462b-8b53-ec465d42a5dd,2026-06-13T10:57:31.274237+00:00,speedup_concurrency,mysql,1.0,2,4,1,0.1905109729996184,4,4,0,20.99616592692544,True,,True,
b54138a9-6563-462b-8b53-ec465d42a5dd,2026-06-13T10:57:31.274237+00:00,speedup_concurrency,mysql,1.0,2,4,2,0.19797893200302497,4,4,0,20.20417000703329,True,,True,
b54138a9-6563-462b-8b53-ec465d42a5dd,2026-06-13T10:57:31.274237+00:00,speedup_concurrency,mysql,1.0,2,4,3,0.2662670460049412,4,4,0,15.022512398795946,True,,True,
b54138a9-6563-462b-8b53-ec465d42a5dd,2026-06-13T10:57:31.274237+00:00,speedup_concurrency,mysql,1.0,2,4,4,0.19512003499403363,4,4,0,20.50020132541649,True,,True,
b54138a9-6563-462b-8b53-ec465d42a5dd,2026-06-13T10:57:31.274237+00:00,speedup_concurrency,mysql,1.0,2,4,5,0.18434583499765722,4,4,0,21.698347565329232,True,,True,
b54138a9-6563-462b-8b53-ec465d42a5dd,2026-06-13T10:57:31.274237+00:00,speedup_concurrency,mysql,1.0,2,8,1,0.35840863100020215,8,8,0,22.320891039020452,True,,True,
b54138a9-6563-462b-8b53-ec465d42a5dd,2026-06-13T10:57:31.274237+00:00,speedup_concurrency,mysql,1.0,2,8,2,0.35021058800339233,8,8,0,22.8433984409475,True,,True,
b54138a9-6563-462b-8b53-ec465d42a5dd,2026-06-13T10:57:31.274237+00:00,speedup_concurrency,mysql,1.0,2,8,3,0.3525475110000116,8,8,0,22.69197696874319,True,,True,
b54138a9-6563-462b-8b53-ec465d42a5dd,2026-06-13T10:57:31.274237+00:00,speedup_concurrency,mysql,1.0,2,8,4,0.3544647439994151,8,8,0,22.569240341750888,True,,True,
b54138a9-6563-462b-8b53-ec465d42a5dd,2026-06-13T10:57:31.274237+00:00,speedup_concurrency,mysql,1.0,2,8,5,0.35569838200171944,8,8,0,22.49096539314966,True,,True,
b54138a9-6563-462b-8b53-ec465d42a5dd,2026-06-13T10:57:31.274237+00:00,speedup_concurrency,mysql,1.0,2,16,1,0.7031696650010417,16,16,0,22.75411013354266,True,,True,
b54138a9-6563-462b-8b53-ec465d42a5dd,2026-06-13T10:57:31.274237+00:00,speedup_concurrency,mysql,1.0,2,16,2,0.701403659004427,16,16,0,22.81140081691392,True,,True,
b54138a9-6563-462b-8b53-ec465d42a5dd,2026-06-13T10:57:31.274237+00:00,speedup_concurrency,mysql,1.0,2,16,3,0.6940915110026253,16,16,0,23.05171543862821,True,,True,
b54138a9-6563-462b-8b53-ec465d42a5dd,2026-06-13T10:57:31.274237+00:00,speedup_concurrency,mysql,1.0,2,16,4,0.7024857580036041,16,16,0,22.776262461847534,True,,True,
b54138a9-6563-462b-8b53-ec465d42a5dd,2026-06-13T10:57:31.274237+00:00,speedup_concurrency,mysql,1.0,2,16,5,0.7093361719962559,16,16,0,22.55630070996077,True,,True,
b54138a9-6563-462b-8b53-ec465d42a5dd,2026-06-13T10:57:31.274237+00:00,speedup_concurrency,mysql,1.0,3,1,1,81.25647568300337,1,1,0,0.012306711454003813,True,,True,
b54138a9-6563-462b-8b53-ec465d42a5dd,2026-06-13T10:57:31.274237+00:00,speedup_concurrency,mysql,1.0,3,1,2,78.68689130300481,1,1,0,0.012708597117520298,True,,True,
b54138a9-6563-462b-8b53-ec465d42a5dd,2026-06-13T10:57:31.274237+00:00,speedup_concurrency,mysql,1.0,3,1,3,76.61695112199959,1,1,0,0.013051941970487294,True,,True,
b54138a9-6563-462b-8b53-ec465d42a5dd,2026-06-13T10:57:31.274237+00:00,speedup_concurrency,mysql,1.0,3,1,4,74.95375454200257,1,1,0,0.013341559820590711,True,,True,
b54138a9-6563-462b-8b53-ec465d42a5dd,2026-06-13T10:57:31.274237+00:00,speedup_concurrency,mysql,1.0,3,1,5,73.99576060599793,1,1,0,0.013514287735004946,True,,True,
b54138a9-6563-462b-8b53-ec465d42a5dd,2026-06-13T10:57:31.274237+00:00,speedup_concurrency,mysql,1.0,3,4,1,79.81708066799911,4,4,0,0.050114586583767544,True,,True,
b54138a9-6563-462b-8b53-ec465d42a5dd,2026-06-13T10:57:31.274237+00:00,speedup_concurrency,mysql,1.0,3,4,2,76.48591190300067,4,4,0,0.05229721265627054,True,,True,
b54138a9-6563-462b-8b53-ec465d42a5dd,2026-06-13T10:57:31.274237+00:00,speedup_concurrency,mysql,1.0,3,4,3,76.00041295700066,4,4,0,0.05263129296761994,True,,True,
b54138a9-6563-462b-8b53-ec465d42a5dd,2026-06-13T10:57:31.274237+00:00,speedup_concurrency,mysql,1.0,3,4,4,76.4634688790029,4,4,0,0.0523125625693188,True,,True,
b54138a9-6563-462b-8b53-ec465d42a5dd,2026-06-13T10:57:31.274237+00:00,speedup_concurrency,mysql,1.0,3,4,5,75.534638353005,4,4,0,0.052955837046658315,True,,True,
b54138a9-6563-462b-8b53-ec465d42a5dd,2026-06-13T10:57:31.274237+00:00,speedup_concurrency,mysql,1.0,3,8,1,77.68749478199607,8,8,0,0.10297667626494227,True,,True,
b54138a9-6563-462b-8b53-ec465d42a5dd,2026-06-13T10:57:31.274237+00:00,speedup_concurrency,mysql,1.0,3,8,2,77.520219566999,8,8,0,0.10319888210695505,True,,True,
b54138a9-6563-462b-8b53-ec465d42a5dd,2026-06-13T10:57:31.274237+00:00,speedup_concurrency,mysql,1.0,3,8,3,78.01491429300222,8,8,0,0.10254449514555941,True,,True,
b54138a9-6563-462b-8b53-ec465d42a5dd,2026-06-13T10:57:31.274237+00:00,speedup_concurrency,mysql,1.0,3,8,4,77.3834025939941,8,8,0,0.10338134188765818,True,,True,
b54138a9-6563-462b-8b53-ec465d42a5dd,2026-06-13T10:57:31.274237+00:00,speedup_concurrency,mysql,1.0,3,8,5,77.02728066399868,8,8,0,0.10385930713167539,True,,True,
b54138a9-6563-462b-8b53-ec465d42a5dd,2026-06-13T10:57:31.274237+00:00,speedup_concurrency,mysql,1.0,3,16,1,85.94974116500089,16,16,0,0.1861553017278343,True,,True,
b54138a9-6563-462b-8b53-ec465d42a5dd,2026-06-13T10:57:31.274237+00:00,speedup_concurrency,mysql,1.0,3,16,2,86.22364700400067,16,16,0,0.18556394395214598,True,,True,
b54138a9-6563-462b-8b53-ec465d42a5dd,2026-06-13T10:57:31.274237+00:00,speedup_concurrency,mysql,1.0,3,16,3,85.15704421899864,16,16,0,0.18788815589762312,True,,True,
b54138a9-6563-462b-8b53-ec465d42a5dd,2026-06-13T10:57:31.274237+00:00,speedup_concurrency,mysql,1.0,3,16,4,85.25798430700524,16,16,0,0.1876657081451239,True,,True,
b54138a9-6563-462b-8b53-ec465d42a5dd,2026-06-13T10:57:31.274237+00:00,speedup_concurrency,mysql,1.0,3,16,5,87.13196985499962,16,16,0,0.18362949932873487,True,,True,
b54138a9-6563-462b-8b53-ec465d42a5dd,2026-06-13T10:57:31.274237+00:00,speedup_concurrency,mysql,1.0,4,1,1,9.844864676000725,1,1,0,0.10157579945590776,True,,True,
b54138a9-6563-462b-8b53-ec465d42a5dd,2026-06-13T10:57:31.274237+00:00,speedup_concurrency,mysql,1.0,4,1,2,9.542993351002224,1,1,0,0.1047889234770323,True,,True,
b54138a9-6563-462b-8b53-ec465d42a5dd,2026-06-13T10:57:31.274237+00:00,speedup_concurrency,mysql,1.0,4,1,3,9.516781443002401,1,1,0,0.10507754181276176,True,,True,
b54138a9-6563-462b-8b53-ec465d42a5dd,2026-06-13T10:57:31.274237+00:00,speedup_concurrency,mysql,1.0,4,1,4,9.457795733003877,1,1,0,0.10573288197697112,True,,True,
b54138a9-6563-462b-8b53-ec465d42a5dd,2026-06-13T10:57:31.274237+00:00,speedup_concurrency,mysql,1.0,4,1,5,9.541436192004767,1,1,0,0.10480602499212316,True,,True,
b54138a9-6563-462b-8b53-ec465d42a5dd,2026-06-13T10:57:31.274237+00:00,speedup_concurrency,mysql,1.0,4,4,1,10.719555752002634,4,4,0,0.37314979207535887,True,,True,
b54138a9-6563-462b-8b53-ec465d42a5dd,2026-06-13T10:57:31.274237+00:00,speedup_concurrency,mysql,1.0,4,4,2,10.756127020998974,4,4,0,0.3718810676176359,True,,True,
b54138a9-6563-462b-8b53-ec465d42a5dd,2026-06-13T10:57:31.274237+00:00,speedup_concurrency,mysql,1.0,4,4,3,10.682505159995344,4,4,0,0.3744440035451144,True,,True,
b54138a9-6563-462b-8b53-ec465d42a5dd,2026-06-13T10:57:31.274237+00:00,speedup_concurrency,mysql,1.0,4,4,4,10.656881296003121,4,4,0,0.37534433282091695,True,,True,
b54138a9-6563-462b-8b53-ec465d42a5dd,2026-06-13T10:57:31.274237+00:00,speedup_concurrency,mysql,1.0,4,4,5,10.703085100001772,4,4,0,0.37372402093666784,True,,True,
b54138a9-6563-462b-8b53-ec465d42a5dd,2026-06-13T10:57:31.274237+00:00,speedup_concurrency,mysql,1.0,4,8,1,10.63915656899917,8,8,0,0.7519393053497063,True,,True,
b54138a9-6563-462b-8b53-ec465d42a5dd,2026-06-13T10:57:31.274237+00:00,speedup_concurrency,mysql,1.0,4,8,2,10.805879327999719,8,8,0,0.7403377140507901,True,,True,
b54138a9-6563-462b-8b53-ec465d42a5dd,2026-06-13T10:57:31.274237+00:00,speedup_concurrency,mysql,1.0,4,8,3,10.697935493997647,8,8,0,0.7478078368007179,True,,True,
b54138a9-6563-462b-8b53-ec465d42a5dd,2026-06-13T10:57:31.274237+00:00,speedup_concurrency,mysql,1.0,4,8,4,10.674621989004663,8,8,0,0.7494410582632675,True,,True,
b54138a9-6563-462b-8b53-ec465d42a5dd,2026-06-13T10:57:31.274237+00:00,speedup_concurrency,mysql,1.0,4,8,5,10.689675640998757,8,8,0,0.7483856637629974,True,,True,
b54138a9-6563-462b-8b53-ec465d42a5dd,2026-06-13T10:57:31.274237+00:00,speedup_concurrency,mysql,1.0,4,16,1,11.525817020999966,16,16,0,1.3881879237582986,True,,True,
b54138a9-6563-462b-8b53-ec465d42a5dd,2026-06-13T10:57:31.274237+00:00,speedup_concurrency,mysql,1.0,4,16,2,11.504250199002854,16,16,0,1.3907903360261429,True,,True,
b54138a9-6563-462b-8b53-ec465d42a5dd,2026-06-13T10:57:31.274237+00:00,speedup_concurrency,mysql,1.0,4,16,3,11.625110226996185,16,16,0,1.3763310357990681,True,,True,
b54138a9-6563-462b-8b53-ec465d42a5dd,2026-06-13T10:57:31.274237+00:00,speedup_concurrency,mysql,1.0,4,16,4,11.563104663997365,16,16,0,1.3837114222287772,True,,True,
b54138a9-6563-462b-8b53-ec465d42a5dd,2026-06-13T10:57:31.274237+00:00,speedup_concurrency,mysql,1.0,4,16,5,11.51785743599612,16,16,0,1.3891472514667604,True,,True,
b54138a9-6563-462b-8b53-ec465d42a5dd,2026-06-13T10:57:31.274237+00:00,speedup_concurrency,mysql,1.0,5,1,1,18.111074961998384,1,1,0,0.05521483413316178,True,,True,
b54138a9-6563-462b-8b53-ec465d42a5dd,2026-06-13T10:57:31.274237+00:00,speedup_concurrency,mysql,1.0,5,1,2,15.926297316000273,1,1,0,0.06278923343942318,True,,True,
b54138a9-6563-462b-8b53-ec465d42a5dd,2026-06-13T10:57:31.274237+00:00,speedup_concurrency,mysql,1.0,5,1,3,15.035397500003455,1,1,0,0.06650971482461772,True,,True,
b54138a9-6563-462b-8b53-ec465d42a5dd,2026-06-13T10:57:31.274237+00:00,speedup_concurrency,mysql,1.0,5,1,4,14.299800087006588,1,1,0,0.06993104756119234,True,,True,
b54138a9-6563-462b-8b53-ec465d42a5dd,2026-06-13T10:57:31.274237+00:00,speedup_concurrency,mysql,1.0,5,1,5,13.597464357997524,1,1,0,0.07354312345829662,True,,True,
b54138a9-6563-462b-8b53-ec465d42a5dd,2026-06-13T10:57:31.274237+00:00,speedup_concurrency,mysql,1.0,5,4,1,15.3603693499972,4,4,0,0.2604104047797997,True,,True,
b54138a9-6563-462b-8b53-ec465d42a5dd,2026-06-13T10:57:31.274237+00:00,speedup_concurrency,mysql,1.0,5,4,2,14.579174241000146,4,4,0,0.2743639614890559,True,,True,
b54138a9-6563-462b-8b53-ec465d42a5dd,2026-06-13T10:57:31.274237+00:00,speedup_concurrency,mysql,1.0,5,4,3,14.106077272997936,4,4,0,0.2835657229566479,True,,True,
b54138a9-6563-462b-8b53-ec465d42a5dd,2026-06-13T10:57:31.274237+00:00,speedup_concurrency,mysql,1.0,5,4,4,14.166081399001996,4,4,0,0.28236460650874146,True,,True,
b54138a9-6563-462b-8b53-ec465d42a5dd,2026-06-13T10:57:31.274237+00:00,speedup_concurrency,mysql,1.0,5,4,5,13.964410793996649,4,4,0,0.2864424470898274,True,,True,
b54138a9-6563-462b-8b53-ec465d42a5dd,2026-06-13T10:57:31.274237+00:00,speedup_concurrency,mysql,1.0,5,8,1,14.36019472800399,8,8,0,0.5570955096032997,True,,True,
b54138a9-6563-462b-8b53-ec465d42a5dd,2026-06-13T10:57:31.274237+00:00,speedup_concurrency,mysql,1.0,5,8,2,13.878039743001864,8,8,0,0.5764502875151426,True,,True,
b54138a9-6563-462b-8b53-ec465d42a5dd,2026-06-13T10:57:31.274237+00:00,speedup_concurrency,mysql,1.0,5,8,3,13.937515169003746,8,8,0,0.573990406682502,True,,True,
b54138a9-6563-462b-8b53-ec465d42a5dd,2026-06-13T10:57:31.274237+00:00,speedup_concurrency,mysql,1.0,5,8,4,13.854431883999496,8,8,0,0.5774325549385545,True,,True,
b54138a9-6563-462b-8b53-ec465d42a5dd,2026-06-13T10:57:31.274237+00:00,speedup_concurrency,mysql,1.0,5,8,5,13.970693905001099,8,8,0,0.5726272477515404,True,,True,
b54138a9-6563-462b-8b53-ec465d42a5dd,2026-06-13T10:57:31.274237+00:00,speedup_concurrency,mysql,1.0,5,16,1,14.753668550998555,16,16,0,1.0844760369052138,True,,True,
b54138a9-6563-462b-8b53-ec465d42a5dd,2026-06-13T10:57:31.274237+00:00,speedup_concurrency,mysql,1.0,5,16,2,14.673847082995053,16,16,0,1.0903752716996604,True,,True,
b54138a9-6563-462b-8b53-ec465d42a5dd,2026-06-13T10:57:31.274237+00:00,speedup_concurrency,mysql,1.0,5,16,3,14.535412864002865,16,16,0,1.1007599267870956,True,,True,
b54138a9-6563-462b-8b53-ec465d42a5dd,2026-06-13T10:57:31.274237+00:00,speedup_concurrency,mysql,1.0,5,16,4,14.461427879999974,16,16,0,1.1063914388514746,True,,True,
b54138a9-6563-462b-8b53-ec465d42a5dd,2026-06-13T10:57:31.274237+00:00,speedup_concurrency,mysql,1.0,5,16,5,14.43628677000379,16,16,0,1.10831824380528,True,,True,
b54138a9-6563-462b-8b53-ec465d42a5dd,2026-06-13T10:57:31.274237+00:00,speedup_concurrency,mysql,1.0,6,1,1,12.557773833003012,1,1,0,0.0796319485681376,True,,True,
b54138a9-6563-462b-8b53-ec465d42a5dd,2026-06-13T10:57:31.274237+00:00,speedup_concurrency,mysql,1.0,6,1,2,12.265230529999826,1,1,0,0.08153128451634689,True,,True,
b54138a9-6563-462b-8b53-ec465d42a5dd,2026-06-13T10:57:31.274237+00:00,speedup_concurrency,mysql,1.0,6,1,3,12.409783390001394,1,1,0,0.08058158378539496,True,,True,
b54138a9-6563-462b-8b53-ec465d42a5dd,2026-06-13T10:57:31.274237+00:00,speedup_concurrency,mysql,1.0,6,1,4,12.306933323998237,1,1,0,0.08125501078729525,True,,True,
b54138a9-6563-462b-8b53-ec465d42a5dd,2026-06-13T10:57:31.274237+00:00,speedup_concurrency,mysql,1.0,6,1,5,12.060653332002403,1,1,0,0.08291424788295215,True,,True,
b54138a9-6563-462b-8b53-ec465d42a5dd,2026-06-13T10:57:31.274237+00:00,speedup_concurrency,mysql,1.0,6,4,1,14.033899435999047,4,4,0,0.2850241316208525,True,,True,
b54138a9-6563-462b-8b53-ec465d42a5dd,2026-06-13T10:57:31.274237+00:00,speedup_concurrency,mysql,1.0,6,4,2,13.959054368999205,4,4,0,0.2865523619481955,True,,True,
b54138a9-6563-462b-8b53-ec465d42a5dd,2026-06-13T10:57:31.274237+00:00,speedup_concurrency,mysql,1.0,6,4,3,14.127889508999942,4,4,0,0.28312792207582493,True,,True,
b54138a9-6563-462b-8b53-ec465d42a5dd,2026-06-13T10:57:31.274237+00:00,speedup_concurrency,mysql,1.0,6,4,4,14.018310868996195,4,4,0,0.2853410826297667,True,,True,
b54138a9-6563-462b-8b53-ec465d42a5dd,2026-06-13T10:57:31.274237+00:00,speedup_concurrency,mysql,1.0,6,4,5,13.779198390999227,4,4,0,0.29029264885342376,True,,True,
b54138a9-6563-462b-8b53-ec465d42a5dd,2026-06-13T10:57:31.274237+00:00,speedup_concurrency,mysql,1.0,6,8,1,14.459906292999221,8,8,0,0.5532539311041876,True,,True,
b54138a9-6563-462b-8b53-ec465d42a5dd,2026-06-13T10:57:31.274237+00:00,speedup_concurrency,mysql,1.0,6,8,2,14.502420930999506,8,8,0,0.5516320370276717,True,,True,
b54138a9-6563-462b-8b53-ec465d42a5dd,2026-06-13T10:57:31.274237+00:00,speedup_concurrency,mysql,1.0,6,8,3,14.68788905099791,8,8,0,0.5446664236244672,True,,True,
b54138a9-6563-462b-8b53-ec465d42a5dd,2026-06-13T10:57:31.274237+00:00,speedup_concurrency,mysql,1.0,6,8,4,14.537331205996452,8,8,0,0.5503073354138144,True,,True,
b54138a9-6563-462b-8b53-ec465d42a5dd,2026-06-13T10:57:31.274237+00:00,speedup_concurrency,mysql,1.0,6,8,5,14.40784924000036,8,8,0,0.5552528949143696,True,,True,
b54138a9-6563-462b-8b53-ec465d42a5dd,2026-06-13T10:57:31.274237+00:00,speedup_concurrency,mysql,1.0,6,16,1,17.506319374995655,16,16,0,0.9139556783622298,True,,True,
b54138a9-6563-462b-8b53-ec465d42a5dd,2026-06-13T10:57:31.274237+00:00,speedup_concurrency,mysql,1.0,6,16,2,17.48060671499843,16,16,0,0.9153000385433955,True,,True,
b54138a9-6563-462b-8b53-ec465d42a5dd,2026-06-13T10:57:31.274237+00:00,speedup_concurrency,mysql,1.0,6,16,3,17.420045525002934,16,16,0,0.918482100235344,True,,True,
b54138a9-6563-462b-8b53-ec465d42a5dd,2026-06-13T10:57:31.274237+00:00,speedup_concurrency,mysql,1.0,6,16,4,17.465662691000034,16,16,0,0.9160831903758635,True,,True,
b54138a9-6563-462b-8b53-ec465d42a5dd,2026-06-13T10:57:31.274237+00:00,speedup_concurrency,mysql,1.0,6,16,5,17.64112137999473,16,16,0,0.9069718219922356,True,,True,
b54138a9-6563-462b-8b53-ec465d42a5dd,2026-06-13T10:57:31.274237+00:00,speedup_concurrency,mysql,1.0,7,1,1,25.03171880100126,1,1,0,0.039949314226077046,True,,True,
b54138a9-6563-462b-8b53-ec465d42a5dd,2026-06-13T10:57:31.274237+00:00,speedup_concurrency,mysql,1.0,7,1,2,24.60135597200133,1,1,0,0.040648165944108715,True,,True,
b54138a9-6563-462b-8b53-ec465d42a5dd,2026-06-13T10:57:31.274237+00:00,speedup_concurrency,mysql,1.0,7,1,3,24.51146438199794,1,1,0,0.040797236118395044,True,,True,
b54138a9-6563-462b-8b53-ec465d42a5dd,2026-06-13T10:57:31.274237+00:00,speedup_concurrency,mysql,1.0,7,1,4,24.408577584996237,1,1,0,0.040969204228217385,True,,True,
b54138a9-6563-462b-8b53-ec465d42a5dd,2026-06-13T10:57:31.274237+00:00,speedup_concurrency,mysql,1.0,7,1,5,24.262737967997964,1,1,0,0.041215463865577694,True,,True,
b54138a9-6563-462b-8b53-ec465d42a5dd,2026-06-13T10:57:31.274237+00:00,speedup_concurrency,mysql,1.0,7,4,1,26.568864916996972,4,4,0,0.15055215992464432,True,,True,
b54138a9-6563-462b-8b53-ec465d42a5dd,2026-06-13T10:57:31.274237+00:00,speedup_concurrency,mysql,1.0,7,4,2,26.68017286399845,4,4,0,0.14992406609919304,True,,True,
b54138a9-6563-462b-8b53-ec465d42a5dd,2026-06-13T10:57:31.274237+00:00,speedup_concurrency,mysql,1.0,7,4,3,26.576613925994025,4,4,0,0.15050826305933895,True,,True,
b54138a9-6563-462b-8b53-ec465d42a5dd,2026-06-13T10:57:31.274237+00:00,speedup_concurrency,mysql,1.0,7,4,4,26.456716214001062,4,4,0,0.15119034303596507,True,,True,
b54138a9-6563-462b-8b53-ec465d42a5dd,2026-06-13T10:57:31.274237+00:00,speedup_concurrency,mysql,1.0,7,4,5,26.61389543599944,4,4,0,0.15029742675660238,True,,True,
b54138a9-6563-462b-8b53-ec465d42a5dd,2026-06-13T10:57:31.274237+00:00,speedup_concurrency,mysql,1.0,7,8,1,27.40543234800134,8,8,0,0.29191292800689694,True,,True,
b54138a9-6563-462b-8b53-ec465d42a5dd,2026-06-13T10:57:31.274237+00:00,speedup_concurrency,mysql,1.0,7,8,2,27.189579892001348,8,8,0,0.2942303644181515,True,,True,
b54138a9-6563-462b-8b53-ec465d42a5dd,2026-06-13T10:57:31.274237+00:00,speedup_concurrency,mysql,1.0,7,8,3,27.035953525999503,8,8,0,0.2959022692618068,True,,True,
b54138a9-6563-462b-8b53-ec465d42a5dd,2026-06-13T10:57:31.274237+00:00,speedup_concurrency,mysql,1.0,7,8,4,27.432898464001482,8,8,0,0.2916206616117474,True,,True,
b54138a9-6563-462b-8b53-ec465d42a5dd,2026-06-13T10:57:31.274237+00:00,speedup_concurrency,mysql,1.0,7,8,5,27.38704508399678,8,8,0,0.29210891410386886,True,,True,
b54138a9-6563-462b-8b53-ec465d42a5dd,2026-06-13T10:57:31.274237+00:00,speedup_concurrency,mysql,1.0,7,16,1,29.806809460002114,16,16,0,0.5367900922596385,True,,True,
b54138a9-6563-462b-8b53-ec465d42a5dd,2026-06-13T10:57:31.274237+00:00,speedup_concurrency,mysql,1.0,7,16,2,29.399261900995043,16,16,0,0.5442313502251044,True,,True,
b54138a9-6563-462b-8b53-ec465d42a5dd,2026-06-13T10:57:31.274237+00:00,speedup_concurrency,mysql,1.0,7,16,3,29.65684790600062,16,16,0,0.539504402177638,True,,True,
b54138a9-6563-462b-8b53-ec465d42a5dd,2026-06-13T10:57:31.274237+00:00,speedup_concurrency,mysql,1.0,7,16,4,29.379113363000215,16,16,0,0.5446045904213792,True,,True,
b54138a9-6563-462b-8b53-ec465d42a5dd,2026-06-13T10:57:31.274237+00:00,speedup_concurrency,mysql,1.0,7,16,5,29.57644936699944,16,16,0,0.5409709529857342,True,,True,
b54138a9-6563-462b-8b53-ec465d42a5dd,2026-06-13T10:57:31.274237+00:00,speedup_concurrency,mysql,1.0,8,1,1,61.12174781200156,1,1,0,0.016360788684836088,True,,True,
b54138a9-6563-462b-8b53-ec465d42a5dd,2026-06-13T10:57:31.274237+00:00,speedup_concurrency,mysql,1.0,8,1,2,46.57723583900224,1,1,0,0.021469715451912518,True,,True,
b54138a9-6563-462b-8b53-ec465d42a5dd,2026-06-13T10:57:31.274237+00:00,speedup_concurrency,mysql,1.0,8,1,3,37.42281958100648,1,1,0,0.02672166371203998,True,,True,
b54138a9-6563-462b-8b53-ec465d42a5dd,2026-06-13T10:57:31.274237+00:00,speedup_concurrency,mysql,1.0,8,1,4,31.27851052200276,1,1,0,0.03197083183665518,True,,True,
b54138a9-6563-462b-8b53-ec465d42a5dd,2026-06-13T10:57:31.274237+00:00,speedup_concurrency,mysql,1.0,8,1,5,26.336361150999437,1,1,0,0.037970317701314295,True,,True,
b54138a9-6563-462b-8b53-ec465d42a5dd,2026-06-13T10:57:31.274237+00:00,speedup_concurrency,mysql,1.0,8,4,1,26.606154931003402,4,4,0,0.15034115265332507,True,,True,
b54138a9-6563-462b-8b53-ec465d42a5dd,2026-06-13T10:57:31.274237+00:00,speedup_concurrency,mysql,1.0,8,4,2,23.96794176799449,4,4,0,0.1668895910512177,True,,True,
b54138a9-6563-462b-8b53-ec465d42a5dd,2026-06-13T10:57:31.274237+00:00,speedup_concurrency,mysql,1.0,8,4,3,22.504619806000846,4,4,0,0.17774128310016604,True,,True,
b54138a9-6563-462b-8b53-ec465d42a5dd,2026-06-13T10:57:31.274237+00:00,speedup_concurrency,mysql,1.0,8,4,4,21.304147113005456,4,4,0,0.18775687094078206,True,,True,
b54138a9-6563-462b-8b53-ec465d42a5dd,2026-06-13T10:57:31.274237+00:00,speedup_concurrency,mysql,1.0,8,4,5,20.332651880999038,4,4,0,0.19672790462408987,True,,True,
b54138a9-6563-462b-8b53-ec465d42a5dd,2026-06-13T10:57:31.274237+00:00,speedup_concurrency,mysql,1.0,8,8,1,19.389895601001626,8,8,0,0.41258602751769036,True,,True,
b54138a9-6563-462b-8b53-ec465d42a5dd,2026-06-13T10:57:31.274237+00:00,speedup_concurrency,mysql,1.0,8,8,2,19.019383318998734,8,8,0,0.42062352211013515,True,,True,
b54138a9-6563-462b-8b53-ec465d42a5dd,2026-06-13T10:57:31.274237+00:00,speedup_concurrency,mysql,1.0,8,8,3,18.754112007001822,8,8,0,0.4265731161791724,True,,True,
b54138a9-6563-462b-8b53-ec465d42a5dd,2026-06-13T10:57:31.274237+00:00,speedup_concurrency,mysql,1.0,8,8,4,18.777807777994894,8,8,0,0.42603482230630463,True,,True,
b54138a9-6563-462b-8b53-ec465d42a5dd,2026-06-13T10:57:31.274237+00:00,speedup_concurrency,mysql,1.0,8,8,5,18.933049232000485,8,8,0,0.42254155165235957,True,,True,
b54138a9-6563-462b-8b53-ec465d42a5dd,2026-06-13T10:57:31.274237+00:00,speedup_concurrency,mysql,1.0,8,16,1,26.169235925997782,16,16,0,0.611404935369352,True,,True,
b54138a9-6563-462b-8b53-ec465d42a5dd,2026-06-13T10:57:31.274237+00:00,speedup_concurrency,mysql,1.0,8,16,2,26.228198245000385,16,16,0,0.6100304660862443,True,,True,
b54138a9-6563-462b-8b53-ec465d42a5dd,2026-06-13T10:57:31.274237+00:00,speedup_concurrency,mysql,1.0,8,16,3,26.237678123994556,16,16,0,0.6098100572919171,True,,True,
b54138a9-6563-462b-8b53-ec465d42a5dd,2026-06-13T10:57:31.274237+00:00,speedup_concurrency,mysql,1.0,8,16,4,26.1196102180038,16,16,0,0.6125665684310815,True,,True,
b54138a9-6563-462b-8b53-ec465d42a5dd,2026-06-13T10:57:31.274237+00:00,speedup_concurrency,mysql,1.0,8,16,5,26.076933254000323,16,16,0,0.6135690820754593,True,,True,
b54138a9-6563-462b-8b53-ec465d42a5dd,2026-06-13T10:57:31.274237+00:00,speedup_concurrency,mysql,1.0,9,1,1,123.39297509899916,1,1,0,0.008104189069091591,True,,True,
