dbms,sf,query_id,threads,executions,mean_latency_s,median_latency_s,p95_latency_s,p99_latency_s,std_latency_s,min_latency_s,max_latency_s,mean_rows
mysql,10.0,1,1,20,21.67346579709847,21.62486519649974,21.916194668484966,22.13138335612195,0.17889256299065187,21.479720718984023,22.1851805280312,4.0
mysql,10.0,1,4,80,29.554163886939932,29.197611004521605,32.08209331918333,32.24653051987465,0.8857561321394816,29.0727879810147,32.24897266901098,4.0
mysql,10.0,1,8,160,39.23026365577571,39.19405351500609,39.64382745336043,39.691000457931075,0.20405400573440588,38.96102222899208,39.70037631300511,4.0
mysql,10.0,1,16,320,68.39227330310678,68.39300863601966,68.90019708510081,69.02045351962792,0.25921097600136755,67.93277499801479,69.0519993310445,4.0
mysql,10.0,2,1,20,0.13065430995484345,0.08438483797363,0.3340404318238146,0.6852614327438635,0.15942060504171482,0.0834380010492168,0.7730666829738766,446.0
mysql,10.0,2,4,80,0.17261423781310437,0.17279067251365632,0.17707195454568136,0.17986560562218065,0.0036923786042484816,0.1612034770078025,0.1859884579898789,446.0
mysql,10.0,2,8,160,0.2908153486805531,0.2963815715338569,0.34471283080929416,0.35528798600018485,0.03909958451592317,0.1542910700081847,0.3569165989756584,446.0
mysql,10.0,2,16,320,0.5618652076154831,0.5747080180153716,0.6422122366231633,0.6758302557235584,0.06795088626024565,0.2357471430441364,0.6933833580114879,446.0
mysql,10.0,3,1,20,74.97348066904814,73.19784651900409,83.45781583135249,84.7455768918735,3.9818940979870208,70.88276967901038,85.06751715700375,11694.0
mysql,10.0,3,4,80,78.06500284139038,78.09942928052624,78.85956677234499,80.17595649851428,0.8511411264966753,76.5633836070192,80.17654194700299,11694.0
mysql,10.0,3,8,160,79.438914402722,79.26432335400023,80.7643204881897,81.16395563626138,0.6152421316661376,78.709475820011,81.17113278800389,11694.0
mysql,10.0,3,16,320,87.31979842712335,87.10772476097918,88.40735347629236,90.74066980509555,0.9996331024432964,85.73791867995169,90.77143902197712,11694.0
mysql,10.0,4,1,20,11.156912723500863,11.162646284501534,11.326343773450935,11.337031767481239,0.12726531816654818,10.87280735099921,11.339703765988816,5.0
mysql,10.0,4,4,80,12.026854782203008,12.021553334983764,12.197979140651297,12.215479744681506,0.07708639425740141,11.930049346003216,12.216006459027994,5.0
mysql,10.0,4,8,160,12.820735423076258,12.583201214525616,14.021589133646895,15.523276748395874,0.7275976585509636,12.135950870986562,15.529424009961076,5.0
mysql,10.0,4,16,320,13.45479121504377,13.387255961482879,13.943075913441138,14.170748921106568,0.2161947712930575,13.15561392204836,14.200161857006606,5.0
mysql,10.0,5,1,20,14.682269551698118,14.323938606510637,17.792726487320035,19.561226231079196,1.759851175594396,12.188516281021291,20.00335116701899,5.0
mysql,10.0,5,4,80,13.566271189088729,13.5652777570358,13.802754714360344,13.840851043280564,0.11293111748348023,13.399578279990235,13.842296905990224,5.0
mysql,10.0,5,8,160,13.667610231326034,13.66625309351366,13.787851269420932,13.852055760181393,0.0846491373913657,13.536401676014066,13.862740166019648,5.0
mysql,10.0,5,16,320,16.03345806233683,16.04253456549486,16.361265443862067,16.416932656403514,0.17719171764961783,15.682666234031784,16.435545007989276,5.0
mysql,10.0,6,1,20,14.114553945694933,13.955237723508617,14.697752817830768,14.899173350738128,0.3662992591547568,13.66569862497272,14.949528483964968,1.0
mysql,10.0,6,4,80,15.950437211268582,15.983798011497129,16.082384455110876,16.106325497280924,0.11456733861581946,15.698843082995154,16.106855343969073,1.0
mysql,10.0,6,8,160,16.932540893597615,16.930465417477535,17.20132425156189,17.248778662048863,0.13486139742995104,16.68520793702919,17.25562837603502,1.0
mysql,10.0,6,16,320,19.48888805559782,19.486477519501932,19.62070941588318,19.646290972245623,0.08020580217281706,19.31381596904248,19.67516278097173,1.0
mysql,10.0,7,1,20,26.056108766249963,25.699615365010686,27.02425408186682,27.657428957960217,0.6819631351784898,25.31159749795916,27.81572267698357,4.0
mysql,10.0,7,4,80,27.83644273383761,27.828345084009925,28.05740744904324,28.104318847340767,0.11952262747124302,27.581423334020656,28.10568873496959,4.0
mysql,10.0,7,8,160,28.60823289200016,28.56983661701088,28.821599359204995,28.93017764739692,0.13082755359433146,28.37966607499402,28.94981437397655,4.0
mysql,10.0,7,16,320,31.249911078572588,31.096224345528753,31.883081806916746,31.934275012877187,0.3641544015607581,30.76119666197337,31.957448506029323,4.0
mysql,10.0,8,1,20,26.01328584050352,20.22882601650781,49.97145610432782,61.511150736063115,12.08180821381885,18.705776953022,64.39607439399697,2.0
mysql,10.0,8,4,80,20.237075638070383,20.236177933984436,20.33826150279492,20.357056909034725,0.05715278143890933,20.11298593500396,20.35728084796574,2.0
mysql,10.0,8,8,160,20.780897427228048,20.77502737849136,20.90126010612876,20.99311115496268,0.07266601029331961,20.6517087679822,21.001508400018796,2.0
mysql,10.0,8,16,320,27.36741395961635,27.37346343000536,27.498460554951457,27.533000106270773,0.07913793092708785,27.16562851902563,27.541729523974936,2.0
mysql,10.0,9,1,20,120.84793952954351,119.26755707099801,129.52339478999494,130.77683240519488,4.060968710492025,117.58138220501132,131.09019180899486,175.0
mysql,10.0,9,4,80,131.58005404382274,131.5817424519919,131.99859729062882,132.2499107596249,0.3248616872470933,130.70897447300376,132.25123307900503,175.0
mysql,10.0,9,8,160,131.70808005369364,131.5734314660076,133.097582686317,134.9201276738767,0.9899301715131713,130.40605015598703,134.9295320030069,175.0
mysql,10.0,9,16,320,143.24374924265157,142.70246070201392,147.7349860367249,149.27716469037057,2.2675486057854957,140.4969824019936,149.29767650400754,175.0
mysql,10.0,10,1,20,14.522773981999489,14.450804064486874,15.252650124262438,17.122369479250043,0.8502311896393686,13.484815675008576,17.58979931799695,38263.0
mysql,10.0,10,4,80,27.418949639974745,27.48084945647861,29.793342026163007,30.110980635489103,1.9622046471315029,24.404439661011565,30.120107841969,38263.0
mysql,10.0,10,8,160,54.053230866113516,51.31169848149875,66.92887032929866,68.26395148216281,7.631824261093385,44.64763162296731,68.3030773269711,38263.0
mysql,10.0,10,16,320,435.8436186499346,148.7837741455005,1353.8272628067411,1382.6395146848663,481.3254327656149,111.85650113795418,1382.8744652580351,38263.0
mysql,10.0,11,1,20,3.18750382605067,1.8782509439915887,8.323177812458017,8.833033060901798,2.3215833067774114,1.6490273830131628,8.960496873012744,979.0
mysql,10.0,11,4,80,1.8916919711220543,1.8848977164889222,1.9577057526650605,1.9821435364417266,0.03297499056013784,1.8486024049925616,1.982192032970488,979.0
mysql,10.0,11,8,160,1.9074376097916683,1.9037192194955423,2.006846606373437,2.0502136456005973,0.06037929192833682,1.7523153820075097,2.061865054012742,979.0
mysql,10.0,11,16,320,2.206366476624498,2.2076615605037664,2.358572744275443,2.3949810582370263,0.09174169533998608,1.9158074660226705,2.4216359780402854,979.0
mysql,10.0,12,1,20,17.584188780150726,17.38156927100499,18.414517822579363,18.534006080477848,0.4763348152806237,17.058913846034557,18.56387814495247,2.0
mysql,10.0,12,4,80,20.141822353788303,20.122945512004662,20.243907891720298,20.478346209839223,0.09509430784817342,20.005338673014197,20.4805429999833,2.0
mysql,10.0,12,8,160,21.058760852097112,21.036597190977773,21.220851522259185,21.245214972276592,0.08505693079705368,20.899182354973163,21.248189125966743,2.0
mysql,10.0,12,16,320,26.19157614392079,26.18626502051484,26.36657615445729,26.413358597137268,0.10116529867325422,25.98207936901599,26.43189428996993,2.0
mysql,10.0,13,1,20,131.56186911530386,115.74620488649816,189.23147718491091,200.32210051780393,30.00005362394668,111.77148391900118,203.0947563510272,41.0
mysql,10.0,13,4,80,125.22740882643556,125.1977190025209,128.29087347146705,128.68421049662925,2.0940416015554875,121.68186667904956,128.68529872398358,41.0
mysql,10.0,13,8,160,127.07225747096236,126.58906424199813,130.13107287855235,131.18653715330234,1.7513268774416342,124.36572497803718,131.1972030850011,41.0
mysql,10.0,13,16,320,138.91478796742996,138.32936725748004,141.78742086472343,144.17372177773797,1.6498967288508701,137.24182580201887,144.2216337849968,41.0
mysql,10.0,14,1,20,14.504699627397349,13.310743631998776,18.744274487515213,19.731881378317482,2.2911164620398123,12.643719382991549,19.978783101018053,1.0
mysql,10.0,14,4,80,13.509281863262732,13.445824125985382,13.819243734257178,14.140499010696658,0.2141048000047921,13.264449926966336,14.141309466969687,1.0
mysql,10.0,14,8,160,13.34149751509176,13.27288218899048,13.706312084553055,14.27435166219424,0.24659276139769346,13.129743065976072,14.280340188997798,1.0
mysql,10.0,14,16,320,14.459082115423007,14.453708087996347,14.623630448340556,14.65723838359001,0.07789733453157084,14.282865129003769,14.672053118993064,1.0
mysql,10.0,15,1,20,0.010393031104467765,0.009249188500689301,0.01695189072634086,0.020757464518537685,0.0033956623580390873,0.0076125420164316,0.0217088579665869,0.0
mysql,10.0,15,4,20,0.010694321652408644,0.01006474602036175,0.01340852615539911,0.01411379321129054,0.001515896698782008,0.0087954580085352,0.0142901099752634,0.0
mysql,10.0,15,8,20,0.012712905244552486,0.01246197900036345,0.015294017276028114,0.018790689856978095,0.0022065061149303287,0.0097808180144056,0.0196648580022156,0.0
mysql,10.0,15,16,20,0.014870137404068326,0.0137353075260762,0.025167358489124946,0.025894199667382028,0.004361720464639703,0.0098373329965397,0.0260759099619463,0.0
mysql,10.0,16,1,20,2.4543172182893613,1.7701035249629058,4.814156447770074,5.273988775163888,1.1989168269953243,1.5430443480145186,5.388946857012343,18294.0
mysql,10.0,16,4,80,2.18763300824794,2.174587194516789,2.290329920168733,2.434178805771517,0.08387542047975255,2.074167748971377,2.4353718630154617,18294.0
mysql,10.0,16,8,160,3.813200736086219,3.8110486674995627,3.894992867714609,3.937088258998119,0.05496602632490101,3.629036015016027,3.942796554998495,18294.0
mysql,10.0,16,16,320,7.2724078183600795,7.305480556504335,7.424592729174764,7.4602859425602945,0.14203312018899092,6.417494227993302,7.496683157980442,18294.0
mysql,10.0,17,1,20,0.8426928942993982,0.5841672284877859,1.861237351802993,2.0084799159824613,0.6539471806968636,0.2350361039862036,2.0452905570273288,1.0
mysql,10.0,17,4,80,0.5515789594071976,0.5748886429937556,0.5931460649735527,0.594871855021338,0.04320135182777164,0.4679390030214563,0.5977848219918087,1.0
mysql,10.0,17,8,160,0.9316120702038461,0.9409416160196997,0.9898010585166048,1.0089740735589294,0.051584065320182414,0.6799562150263228,1.03113802295411,1.0
mysql,10.0,17,16,320,1.8368747981647175,1.849588726501679,1.9207278359419433,1.9427175668842391,0.06794643110679585,1.3970043640001677,1.958653179986868,1.0
mysql,10.0,18,1,20,17.22695394239854,17.172345141967526,17.476556833283393,17.55167842906143,0.16101739380962424,16.9946146569564,17.57045882800594,9.0
mysql,10.0,18,4,80,20.115673526671163,20.12607014400419,20.277122680449974,20.86128819433332,0.2268257169454959,19.77057514397893,20.861646295001265,9.0
mysql,10.0,18,8,160,21.43033959839813,21.40629902749788,21.595209853892445,21.718235803584683,0.11320819419146579,21.22182611201424,21.729180935013574,9.0
mysql,10.0,18,16,320,26.035838021719247,26.021303399000317,26.185239092068514,26.230745033520506,0.0782605066325812,25.881293429003563,26.251296129019465,9.0
mysql,10.0,19,1,20,2.8087395524053136,2.563931065000361,3.5219894571520856,3.6737209658289793,0.3959884904925782,2.495722352003213,3.711653842998203,1.0
mysql,10.0,19,4,80,2.826118962271721,2.8239517380134203,2.862452120243688,2.9168157347704984,0.02814668965894539,2.7879846139694564,2.916821388003882,1.0
mysql,10.0,19,8,160,2.9056891870015535,2.901091293548234,2.958253993681865,2.968692996284808,0.025825518914196776,2.866460132005159,2.976387315022293,1.0
mysql,10.0,19,16,320,3.229591200615687,3.2265225569717586,3.317317076557083,3.3776501258829374,0.05187664651269069,3.1094156559556723,3.389765940024517,1.0
mysql,10.0,20,1,20,13.633903634652961,13.574925425520632,14.123988728228142,14.216585504860268,0.22439212303794187,13.394502156006638,14.2397346990183,162.0
mysql,10.0,20,4,80,14.985520171396638,14.995851210493129,15.041367251364862,15.051078044434544,0.040729369677818233,14.902333197998814,15.05201143497834,162.0
mysql,10.0,20,8,160,15.681467426196104,15.650816713983659,15.857284215715477,16.03469887734973,0.10932381451803322,15.497439029044472,16.04112701001577,162.0
mysql,10.0,20,16,320,16.939313948737798,16.928667460015276,17.147498124305276,17.199135058525133,0.11044905043387356,16.754442170029506,17.215503485000227,162.0
mysql,10.0,21,1,20,29.249602334189696,29.264491095003905,29.47457593198924,29.500995796796055,0.1237219911127325,29.021323662018403,29.507600762997757,377.0
mysql,10.0,21,4,80,36.58750461318632,36.595090004004305,36.822924125552525,36.869233287820826,0.1271415367159041,36.38667912699748,36.87110865698196,377.0
mysql,10.0,21,8,160,39.70796770754678,39.734480210987385,40.244775989837954,40.26703345234855,0.26774080777521997,38.92483103799168,41.108202787989285,377.0
mysql,10.0,21,16,320,55.22305866892621,55.271846388990525,55.76519319675281,55.86675493498624,0.3259132295714967,54.29243673296878,55.893752495001536,377.0
mysql,10.0,22,1,20,0.19713806674990336,0.1011704294942319,0.8492295003437903,0.8599543216533493,0.23553708962052197,0.1002285170252434,0.8626355269807391,3.0
mysql,10.0,22,4,80,0.19135292147693686,0.19125430300482543,0.1937040160235483,0.1958004762476775,0.0017896701064065296,0.1862023680005222,0.2000567789655178,3.0
mysql,10.0,22,8,160,0.357231497581597,0.370563170989044,0.3925368380878352,0.413460437899339,0.03892292018717451,0.1946541509823873,0.418188827985432,3.0
mysql,10.0,22,16,320,0.6982436157340999,0.7180499199603219,0.7629190476989607,0.7819160284666578,0.0691434408355319,0.2738540889695287,0.798715170007199,3.0
oracle,10.0,1,1,20,1.8998953393544071,1.888162560993806,1.9764356551750097,2.000838664622279,0.034471081795124515,1.873057144053746,2.006939416984096,4.0
oracle,10.0,1,4,80,5.578001529963513,5.693249462987296,5.83600561900239,6.866395094943,0.36317208006405577,4.985168521001469,6.883068627968896,4.0
oracle,10.0,1,8,160,11.240427856503084,11.139773280505324,11.849848287180066,11.902238414230524,0.4218562569812483,9.705083140986972,11.946083527989686,4.0
oracle,10.0,1,16,320,22.71397551824357,23.01789989299141,24.233330943094916,24.414175622822945,1.022773992897295,18.67465613898821,24.497543347999454,4.0
oracle,10.0,2,1,20,0.22218826920434362,0.21710779750719666,0.24685812746756713,0.31569425273803053,0.027939467972242307,0.1893022280419245,0.3329032840556465,508.0
oracle,10.0,2,4,80,0.3241036794672254,0.32204882748192176,0.37794820925337264,0.3849057358241406,0.0315619800856498,0.2534751059720292,0.3898655620287172,508.0
oracle,10.0,2,8,160,0.5445117295126692,0.5528513255121652,0.6021727339859353,0.6116169490868925,0.045614692304170944,0.3726388480281457,0.6330672139883973,508.0
oracle,10.0,2,16,320,1.0564377113178125,1.0170870469883084,1.366105714812875,1.5659410977264634,0.18077777559467947,0.5304968730197288,1.5852979689952915,508.0
oracle,10.0,3,1,20,1.7445162638439797,1.3895557874930091,2.9528130781895032,4.770445527649715,0.910790218256234,1.3699172160122544,5.224853640014771,11349.0
oracle,10.0,3,4,80,8.213448440753563,7.074217008484993,13.562218730515445,15.617481651895213,3.0924383485891114,3.779341149958782,15.671519697993062,11349.0
oracle,10.0,3,8,160,26.569065989601587,28.517858509527287,30.89148132551345,31.451005251219613,4.902963987178324,14.049216564977542,31.51453199301613,11349.0
oracle,10.0,3,16,320,43.20281668862208,46.97528956402675,55.587367581648884,56.82454053038091,9.526200803976025,17.31492855399847,56.86946325900499,11349.0
oracle,10.0,4,1,20,0.5818743509647902,0.5761159639805555,0.6342676330241375,0.6344988402328454,0.018741975691383108,0.5662293499917723,0.6345566420350224,5.0
oracle,10.0,4,4,80,1.0552164606262522,0.9718494520056993,1.4675309171871045,1.6178280822362285,0.21148230788366365,0.8327541109756567,1.6230069469893351,5.0
oracle,10.0,4,8,160,2.5521360849877963,2.4579836729972158,3.0285319762915606,3.055506574748433,0.3869769321474117,1.6118196889874523,3.072335896024015,5.0
oracle,10.0,4,16,320,6.074506701829341,5.984107961994596,6.698232353167259,6.810978504738305,0.37583459555787097,4.514802629011683,6.892017974983901,5.0
oracle,10.0,5,1,20,3.856404621747788,3.66809909848962,4.12138404431462,6.589372466438795,0.800377471686221,3.425575546978507,7.206369571969844,5.0
oracle,10.0,5,4,80,13.727648119790683,13.690607111522695,18.372931609093207,18.517467307714973,3.0043777893715466,7.481680615979712,18.582943841989614,5.0
oracle,10.0,5,8,160,28.427122059031536,30.41847600150504,35.14781166756293,35.68314790381933,5.042974566573434,16.78361159597989,35.79450718103908,5.0
oracle,10.0,5,16,320,46.400077386663,48.67046837799717,57.485863530400096,59.73798859134084,9.63062929770259,16.573211440001614,59.78893207502552,5.0
oracle,10.0,6,1,20,0.3843425407016184,0.3843247360200621,0.389756618757383,0.39013132536609185,0.0031781213786449087,0.378257887030486,0.3902250020182691,1.0
oracle,10.0,6,4,80,0.5943858620616084,0.593993208516622,0.6310675798740703,0.7028208444500342,0.028125927352082383,0.5403763869544491,0.7041102540097199,1.0
oracle,10.0,6,8,160,1.4722378479214968,1.6114614869875368,1.7998766938282638,2.032805961240082,0.3016271160971994,1.0157607089495286,2.2526752109988597,1.0
oracle,10.0,6,16,320,3.4734653851559414,3.437176198029192,4.00439320790174,4.043560031547095,0.35498767333878356,2.357809802982956,4.056556530995295,1.0
oracle,10.0,7,1,20,1.7552829232008662,1.7061710985435639,2.1546906095987652,2.1554935587209183,0.2217550016476889,1.514112354023382,2.1556942960014567,4.0
oracle,10.0,7,4,80,7.258764314515429,7.405350940010976,8.383502832398516,8.508731046856264,1.066875024885742,3.821026820049156,8.558592788001988,4.0
oracle,10.0,7,8,160,14.182333714986816,14.238031457498439,14.79277239103394,14.88889802887279,0.3897772089255284,13.07527204498183,14.978829940024298,4.0
oracle,10.0,7,16,320,17.63989614263137,17.477653135516448,19.871789735797208,20.554288448326986,1.1364671975665488,14.31780500896275,20.60798722796608,4.0
oracle,10.0,8,1,20,0.6437911211425671,0.6311455089889932,0.6568292863230455,0.8255046028556532,0.05297882344424266,0.6248999969684519,0.8676734319888055,2.0
oracle,10.0,8,4,80,1.2249469784619578,1.1046916089835577,1.7372182300838164,2.7039314177806952,0.37148800011097177,0.9496946299914272,2.7214796419721097,2.0
oracle,10.0,8,8,160,2.8385391953761427,2.8804600594739895,3.6004774119530336,3.685543702222058,0.5139829806814614,1.9891469840076752,3.693599379970692,2.0
oracle,10.0,8,16,320,6.687450667670419,6.753167936985847,7.184148525449563,7.24438022707298,0.4004113862191992,4.826483316952363,7.63819195900578,2.0
oracle,10.0,9,1,20,1.178000121304649,1.090807454980677,1.3814917391311612,1.6634912158019135,0.16901509169393972,1.069052533013746,1.7339910849696023,175.0
oracle,10.0,9,4,80,4.637225194225175,5.118647858995246,6.211803448101268,8.049608020079322,1.6181919609772224,1.6988685540272854,8.108989262022078,175.0
oracle,10.0,9,8,160,7.318051970924353,5.98945956749958,13.113533928681829,15.406754122217537,2.8737833569175693,4.535217297030613,15.449955108982977,175.0
oracle,10.0,9,16,320,18.404280838633714,19.486822809500154,21.213160765820064,21.553995089050726,3.7438949014799516,6.086032118008006,21.58795867697336,175.0
oracle,10.0,10,1,20,1.331559164947248,1.1531274640001357,1.785846457921435,2.761482716372701,0.4396906316652433,1.1202075650217012,3.0053917809855197,37618.0
oracle,10.0,10,4,80,4.636020664049283,4.474231807980686,5.57207345260249,6.013770708665251,0.5919520459764886,3.333728654019069,6.141749717993662,37618.0
oracle,10.0,10,8,160,12.12557710442852,12.223037378513254,15.343678924653785,16.752980617335414,2.593122360591204,7.404017272987403,16.774614149995614,37618.0
oracle,10.0,10,16,320,29.441601783018996,29.48209288151702,32.4828475695249,34.761805324503804,3.186584913321008,19.24116348096868,34.78710248600692,37618.0
oracle,10.0,11,1,20,0.22799212534737304,0.21664857649011535,0.3283736944955308,0.3339370845223311,0.03553503984475259,0.2137210110086016,0.3353279320290312,911.0
oracle,10.0,11,4,80,0.29405889317495165,0.2984099010063801,0.3064262493833666,0.33184316685190407,0.015210849790433138,0.2555676289484836,0.3465229350258596,911.0
oracle,10.0,11,8,160,0.517533460380946,0.528172893478768,0.5969687379896639,0.6846307017287472,0.05993182309693293,0.3113136289757676,0.7027998670237139,911.0
oracle,10.0,11,16,320,1.2425285102795898,1.182350504968781,1.7413005986280043,2.0273790616175393,0.2443947845271669,0.8720188360312022,2.0324560679728165,911.0
oracle,10.0,12,1,20,1.5433028202562127,1.4837756024789996,1.6066491708421389,2.4437457269482534,0.2626626472813342,1.4397257349919528,2.653019865974784,2.0
oracle,10.0,12,4,80,6.3109635658736805,7.1448254579736385,7.579154235456372,7.610412479843943,1.6717175941300588,2.966368791006971,7.669014840968884,2.0
oracle,10.0,12,8,160,10.937866821566057,12.439763536996907,13.434789377450944,13.83578040928871,2.9019196735125155,4.049449409008957,13.89462818094762,2.0
oracle,10.0,12,16,320,16.812295004618683,16.416181725013303,19.45533103668142,29.525478843229937,3.937308525913508,4.692256224981975,29.566516687977128,2.0
oracle,10.0,13,1,20,0.7226496743416646,0.7239112569950521,0.7336879946873524,0.7347482661087997,0.00892127462931652,0.7091481639654376,0.7350133339641616,42.0
oracle,10.0,13,4,80,1.5122418086968537,1.5954733299731743,1.6921184129430913,1.7060740429430734,0.19481997712123142,0.8917632579687051,1.7129448759951629,42.0
oracle,10.0,13,8,160,4.342954156169071,3.524219044018537,8.649135947957935,11.585146133629605,2.6560431656183185,1.7056416560080834,11.618576453998685,42.0
oracle,10.0,13,16,320,15.13159286451646,11.70524062550976,26.38449268447293,26.44297319580568,7.963561806151576,2.058332171989605,26.469544126011897,42.0
oracle,10.0,14,1,20,0.4913491391547723,0.47031801397679374,0.49839012268348626,0.8185193845338649,0.09592648628248276,0.4594185040332377,0.8985516999964602,1.0
oracle,10.0,14,4,80,0.8907808405747346,0.7560449824668467,1.755155374557944,1.756848766505136,0.32620088455097546,0.7025202700169757,1.7569342050119303,1.0
oracle,10.0,14,8,160,1.998318829669006,2.029662189015653,2.5812991530576257,2.662724055672297,0.37892829470383993,1.0724785969941877,2.696866740996484,1.0
oracle,10.0,14,16,320,4.742546895468513,4.775798376504099,5.42698932713538,5.532300137744169,0.45062001318530837,3.023802289040759,5.56374869204592,1.0
oracle,10.0,15,1,20,0.42281776360177903,0.4195071570284199,0.4367333760339534,0.4542672152229351,0.009530841572243372,0.4163646909873932,0.4586506750201806,1.0
oracle,10.0,15,4,80,0.7330202818986435,0.7252735614893027,0.8026440443587487,0.8929851256369148,0.04848967894404484,0.663230205012951,0.8934333400102332,1.0
oracle,10.0,15,8,160,1.8306284274982318,1.8620248314982746,2.2848382797179507,2.321822394806659,0.30169488016153556,1.200973893981427,2.3335885370033798,1.0
oracle,10.0,15,16,320,4.324560348301384,4.35308028999134,4.6580888188589595,4.7220148813881675,0.20272013150136187,3.4076677639968693,4.74361983401468,1.0
oracle,10.0,16,1,20,0.33244763405236877,0.2923127045214642,0.33836928230885005,0.9564436036854738,0.1832899678136313,0.2796299939509481,1.110962184029631,18284.0
oracle,10.0,16,4,80,0.8362574294122169,0.6211240484844893,1.4756030346674378,1.500293780682841,0.46729169829033035,0.3359837110037915,1.5193804579903372,18284.0
oracle,10.0,16,8,160,2.276048899057423,2.5629151269968133,4.043031723395688,4.110144450264634,1.0688887252499852,0.3707159340265207,4.125784186006058,18284.0
oracle,10.0,16,16,320,4.957780708234168,4.72418035150622,6.720445604674829,18.751819939810666,3.2870545297428024,1.683795935998205,18.76799733302323,18284.0
oracle,10.0,17,1,20,0.16951132015383333,0.16835106449434528,0.17832526518614028,0.18175609065336173,0.004501120270402333,0.1595326230162754,0.1826137970201671,1.0
oracle,10.0,17,4,80,0.1818498052634822,0.18557225650874895,0.20310492504504504,0.21359263844729862,0.018146136152974775,0.1377373890136368,0.2139053409919142,1.0
oracle,10.0,17,8,160,0.24689699207956434,0.25121272652177135,0.2658951629884541,0.270907717513619,0.01576576928813259,0.1970269620069302,0.2747398439678363,1.0
oracle,10.0,17,16,320,0.41041590466938943,0.40921304500079714,0.4449362277606269,0.47080713088100307,0.019368994547882233,0.3500142520060763,0.4789770179777406,1.0
oracle,10.0,18,1,20,4.960374377053813,4.626482959021814,8.007421153207543,8.600777522675925,1.455967064211594,3.3787451699608937,8.749116615043022,9.0
oracle,10.0,18,4,80,25.311560917403405,24.736364931508433,29.692792471934812,30.39616598724038,2.8480463803928506,20.705379624967463,30.759486232011117,9.0
oracle,10.0,18,8,160,56.300965081881074,54.045049979467876,83.07184829973556,84.96688281182898,13.259140779395716,39.0370223110076,85.17374388198368,9.0
oracle,10.0,18,16,320,203.3791134222418,203.6394205665274,214.60139255884044,268.5096302975458,20.776470277976678,132.19686227000784,268.6531151609961,9.0
oracle,10.0,19,1,20,0.29354354105889796,0.28793300050892867,0.30117347229388547,0.38492109849699757,0.02665801304188171,0.2790291529963724,0.4058580050477758,1.0
oracle,10.0,19,4,80,0.3390048017761728,0.3433099605026655,0.3598652126325759,0.36107765381981155,0.017438280275243724,0.2997846460202709,0.3617385370307602,1.0
oracle,10.0,19,8,160,0.45724188656313347,0.45969391797552817,0.48649590904824425,0.4943885003204923,0.017642124478291252,0.3996215029619634,0.496868048037868,1.0
oracle,10.0,19,16,320,0.7862704360863063,0.7860812090220861,0.8763259478175339,1.0939109046867816,0.09029614228942699,0.4286643880186602,1.0949850819888525,1.0
oracle,10.0,20,1,20,0.6431402169400826,0.6393222559709102,0.6512776405608748,0.7225907904945779,0.023314056262157164,0.630134425999131,0.7404190779780038,184.0
oracle,10.0,20,4,80,1.1544888358919707,1.00097272900166,1.642330814516754,1.689292324684793,0.26003257859000906,0.9257986349985003,1.6927952850237489,184.0
oracle,10.0,20,8,160,2.7598055770144128,2.907541875989409,3.199336958033382,3.8735951012041183,0.46455763211626183,0.9631805369863288,3.921583924035076,184.0
oracle,10.0,20,16,320,6.20305605346457,6.167188752995571,6.893961596145528,6.98403872482304,0.4898472526368249,2.828128441993613,7.001411655975971,184.0
oracle,10.0,21,1,20,1.8113589355052682,1.669157077994896,2.158802343765274,2.6470865167677395,0.2816127635802308,1.6202191120246423,2.769157560018357,411.0
oracle,10.0,21,4,80,4.525189040775876,4.574292464996688,5.961948253941955,6.092823252716917,1.0639980435624852,2.366387300018687,6.095275705039967,411.0
oracle,10.0,21,8,160,13.32016364820629,14.440815306996228,16.965771512957872,18.24803506382974,3.2370181613441864,6.106931518996134,18.317295248969454,411.0
oracle,10.0,21,16,320,43.779202799159975,48.153204228001414,61.581350200640735,65.90911825279937,13.47200033081637,21.63274975703098,66.48119311401388,411.0
oracle,10.0,22,1,20,0.21055886819376607,0.20957723000901746,0.22267741775722238,0.23277913713012816,0.00714589931745243,0.1988609620020724,0.2353045669733546,3.0
oracle,10.0,22,4,80,0.32634309506393033,0.3239218574890401,0.370150395607925,0.4157541883876546,0.029471464919928768,0.2572577749961056,0.4274021980236284,3.0
oracle,10.0,22,8,160,0.5088942204016348,0.5188306990021374,0.5587686551385559,0.594678860589047,0.042658145376512906,0.3781731079798192,0.6195889679947868,3.0
oracle,10.0,22,16,320,0.8972902395669735,0.9337484939896967,1.1192827295046301,1.2754385968350106,0.18469284577830186,0.3246625470346771,1.306249179993756,3.0
postgres,10.0,1,1,20,2.6203827929042744,2.61858919649967,2.6497739244252445,2.6546438281051814,0.013923495738932737,2.5982183209853247,2.6558613040251657,4.0
postgres,10.0,1,4,80,9.393269366576714,9.232181253522867,10.140885861447895,10.160725420834495,0.4441082431067175,8.777234581008088,10.19613889302127,4.0
postgres,10.0,1,8,160,16.551187570795445,17.571818385011284,20.038004355150044,20.095816972172468,3.482784283144523,11.922906221996527,20.10910287097795,4.0
postgres,10.0,1,16,320,34.75765264344045,39.4028706009849,39.678765067568754,39.71158792052418,8.234456717134595,18.759123813011684,39.787517388002016,4.0
postgres,10.0,2,1,20,0.292122041847324,0.2899449424876366,0.3076793579704827,0.32622040920599826,0.010478521806316256,0.2848234380362555,0.3308556720148772,446.0
postgres,10.0,2,4,80,0.5491502712349756,0.5442837114969734,0.57558582315105,0.6052166661265074,0.016111360016521283,0.5275824380223639,0.6065293380524963,446.0
postgres,10.0,2,8,160,0.7806323921013245,0.7874243275146,0.855828443664359,0.8758878109737998,0.05230759225585114,0.6295667620142922,0.8834043549722992,446.0
postgres,10.0,2,16,320,1.5133876566247637,1.5492468445154373,1.6174767527874792,1.6398673477431296,0.0963489306493489,1.2448133539874109,1.665221543982625,446.0
postgres,10.0,3,1,20,0.4737469284038525,0.47201769953244366,0.489340026024729,0.5000473924167455,0.008822063415493265,0.4670864259824157,0.5027242340147495,11694.0
postgres,10.0,3,4,80,1.2554946581731201,1.2432952099770773,1.3519816591899143,1.3807852229831041,0.04885230180130099,1.1645047059864737,1.3878281820216216,11694.0
postgres,10.0,3,8,160,2.2389429487760935,2.4029612064769026,2.7361319775402078,2.966313406848931,0.4483682993738073,1.6415470099891536,2.970256226020865,11694.0
postgres,10.0,3,16,320,4.233994474376596,4.561744160018861,4.875337804097216,4.977678739022231,0.7161557397001366,2.73951569700148,5.047265735047404,11694.0
postgres,10.0,4,1,20,0.22719144369184502,0.22686123047606083,0.2291771935648284,0.23002124272054056,0.0015406893261957558,0.2245654499856755,0.2302322550094686,5.0
postgres,10.0,4,4,80,0.40106202044626116,0.39732497348450124,0.4275108602480031,0.42920879537996365,0.01110716813003748,0.3864749830099754,0.4322437209775671,5.0
postgres,10.0,4,8,160,0.61197014097379,0.5990850499947555,0.720548887149198,0.7673879431793466,0.045986653363500773,0.5490933670080267,0.7798482569633052,5.0
postgres,10.0,4,16,208,0.7517636588213813,0.761449351470219,0.8147130390338133,0.8359011403599288,0.04909360016404703,0.5491988330031745,0.850034651986789,5.0
postgres,10.0,5,1,20,0.43404369660129305,0.4323834819952026,0.4462068097840529,0.4500354739499744,0.006095380055782425,0.4253207430010661,0.4509926399914548,5.0
postgres,10.0,5,4,80,0.862717863364378,0.8547979829891119,0.9012127366004279,0.9053514087270013,0.019458470458443164,0.8359142689732835,0.9069834649562836,5.0
postgres,10.0,5,8,160,1.4766581551481068,1.3547507355106063,2.1350354539637912,2.227709973026067,0.27956906663778075,1.2270420999848284,2.22902382502798,5.0
postgres,10.0,5,16,320,2.3023002269226707,2.295782405009959,2.3965098784770817,2.470843554144376,0.06395181820386042,2.092093234008644,2.7671267929836176,5.0
postgres,10.0,6,1,20,0.507471101192641,0.5053292660159059,0.5194412494020071,0.527635757875396,0.006658245519907048,0.5022346949554048,0.5296843849937432,1.0
postgres,10.0,6,4,80,1.2821894462009369,1.2713400475331582,1.410323569830507,1.4249013206915695,0.06109121064793668,1.2086894790409133,1.4268819999997504,1.0
postgres,10.0,6,8,51,1.1047417909619124,1.0841150379856117,1.488522160507273,1.612727570493007,0.24335539866312908,0.605536914023105,1.6171762619633228,1.0
postgres,10.0,6,16,52,1.1999265614588064,1.149200148502132,1.5472470203385456,1.570462920293794,0.20031108253882732,0.8066983289900236,1.57717570400564,1.0
postgres,10.0,7,1,20,0.5143921719602076,0.5115248330112081,0.5309588364412775,0.531858440117794,0.007209110111452489,0.5068803620524704,0.5320833410369232,4.0
postgres,10.0,7,4,80,1.0166678685236548,1.0129449880332686,1.0469408144912447,1.0559299485920925,0.01657902637007134,0.987294297956396,1.057889906980563,4.0
postgres,10.0,7,8,160,1.876728882635507,1.6382020004966762,2.4721157873718766,2.5549835665832505,0.3658477374621954,1.4891434059827588,2.591454584035091,4.0
postgres,10.0,7,16,320,2.815309743558646,2.806604680023156,2.8790679419093066,2.90346588140761,0.0956253229874267,2.6879892619908787,3.946353711013217,4.0
postgres,10.0,8,1,20,0.5892946565989405,0.5879435504903086,0.5986775864526862,0.6023794469266431,0.005873180609554632,0.5778108490048908,0.6033049120451324,2.0
postgres,10.0,8,4,80,1.163035490560287,1.1593064054904971,1.1894376773765543,1.3041756403871096,0.04758456563962659,1.121603364998009,1.5299691570107825,2.0
postgres,10.0,8,8,160,2.4314158338689595,1.7871374184906017,3.4204821460763912,3.5710191965289413,0.8025060823330964,1.5691118460381404,3.578494484012481,2.0
postgres,10.0,8,16,320,3.7535602352652857,3.906518966483418,4.6518651514925295,5.019178421978141,0.6577315603948082,2.537289791973308,5.064219514024444,2.0
postgres,10.0,9,1,20,1.7586777950957184,1.7576210770057514,1.7867826341447652,1.7877844676241512,0.01807312541405606,1.7312569659552537,1.7880349259939976,175.0
postgres,10.0,9,4,80,4.453071789102251,4.308530459500616,4.996419749347842,5.2236818929098074,0.29672224739268205,4.1456428180099465,5.333687948004808,175.0
postgres,10.0,9,8,160,8.400094094619272,9.069007369020255,10.779431408201344,10.907149371765554,2.083237218458434,5.7929207849665545,11.12850926502142,175.0
postgres,10.0,9,16,320,15.682133335197614,16.27666170548764,19.316115330948378,20.320081706771166,3.127963862362605,9.2602181059774,20.6262608950492,175.0
postgres,10.0,10,1,20,0.7369833766017109,0.7346342809905764,0.7535673078527907,0.7662743535620393,0.012257251146814108,0.713989429990761,0.7694511149893515,38263.0
postgres,10.0,10,4,80,2.267819114811573,2.2756863130198326,2.379291862342506,2.399997281593969,0.08286068007484418,2.071591069980059,2.4224893549690023,38263.0
postgres,10.0,10,8,93,2.644063327991609,2.5497393389814533,3.2282558952341787,3.250387569826562,0.346821025780298,2.097948584996629,3.267010035982821,38263.0
postgres,10.0,10,16,66,2.393314987560381,2.59220813200227,3.052644858500571,3.121702935185749,0.42562554160131716,1.4767852229997516,3.133897072984837,38263.0
postgres,10.0,11,1,20,0.07998264436027963,0.07462774249142964,0.09527934107754844,0.14198909382859695,0.01819708607611181,0.0703226049663499,0.1536665320163592,979.0
postgres,10.0,11,4,80,0.1172325961721071,0.11872003498137926,0.12223640242882533,0.12340331516112198,0.004264986478641544,0.1010232800035737,0.1237113969982601,979.0
postgres,10.0,11,8,160,0.19998898873163848,0.21356151899090034,0.24288016972423057,0.27163673460599963,0.03925203869369188,0.1076837760047055,0.279022664995864,979.0
postgres,10.0,11,16,320,0.41396076892033307,0.4259157770138699,0.47462578424601815,0.4922933330817614,0.05734120373550795,0.1554410710232332,0.5045061879791319,979.0
postgres,10.0,12,1,20,0.6345664951950312,0.6312927729741205,0.6524404022027739,0.6701859500282443,0.011424347188941782,0.6254488219856285,0.674622336984612,2.0
postgres,10.0,12,4,26,0.9617342435432454,1.010312877013348,1.127409284497844,1.1376327854959527,0.13232932394120564,0.7161351820104755,1.1382229209993966,2.0
postgres,10.0,12,8,33,1.1341185663900846,1.0727645379956812,1.478753477788996,1.4883412456326186,0.24009390003416264,0.7290305200149305,1.489758261013776,2.0
postgres,10.0,12,16,33,1.2626753010042717,1.3683220249949954,1.5667151251924225,1.5738803274743258,0.272036194839043,0.8224422930506989,1.5757139869965613,2.0
postgres,10.0,13,1,20,0.6186793240485713,0.6165881449996959,0.6390007607900771,0.6484879137814278,0.01424872777415981,0.5948992340127006,0.6508597020292655,41.0
postgres,10.0,13,4,80,2.1832018912980855,2.1879236479871906,2.326710026475484,2.375286541319801,0.1021919869427342,1.910875100991689,2.413850844022818,41.0
postgres,10.0,13,8,115,2.8417784666080714,2.7996054989635013,3.481061598012457,3.5211961999686903,0.4413851244198148,1.8423310269718056,3.5406649649958126,41.0
postgres,10.0,13,16,115,2.85946072895667,3.131484944955446,3.3351307798060588,3.3827202755946204,0.5188243714912851,1.4625586299807765,3.395217344048433,41.0
postgres,10.0,14,1,20,0.21715636365115637,0.2153653165150899,0.22587363047641704,0.2328821293043438,0.005160138643104748,0.2142056240118108,0.2346342540113255,1.0
postgres,10.0,14,4,24,0.36305376374608994,0.37239141049212776,0.3822379895806079,0.3827728340099565,0.018490227106918614,0.3327643840457313,0.3829273050068877,1.0
postgres,10.0,14,8,36,0.5154686804792922,0.5161175610264763,0.6292313409940107,0.6357178419246339,0.06707546105601044,0.4020490639959462,0.636988967016805,1.0
postgres,10.0,14,16,38,0.643655794498045,0.6597994170151651,0.7651128982193768,0.7702469906711485,0.0699811783524461,0.5075049280421808,0.7714918319834396,1.0
postgres,10.0,15,1,20,0.7019187325553503,0.6995617444918025,0.733492420768016,0.7373988321545767,0.01860246020152654,0.6789596090093255,0.7383754350012168,0.0
postgres,10.0,15,4,80,1.7556431099001202,1.7513682055287063,2.824206967226928,2.842737717211712,0.7886883278007389,0.6794781939825043,2.854241697990801,0.0
postgres,10.0,15,8,160,3.1571113392070402,3.1481933955219574,5.61847249531711,5.645028743874864,1.6116024370627844,0.6842882229830138,5.652328081952874,0.0
postgres,10.0,15,16,320,5.9577016432655,5.968528469500598,11.179684855724918,11.24796918593638,3.2365052469588833,0.6929679160239175,11.28839283803245,0.0
postgres,10.0,16,1,20,0.31220158156065736,0.3115220844920259,0.3194606940291123,0.32541514282173006,0.005439168703423285,0.3036088680382818,0.3269037550198845,18294.0
postgres,10.0,16,4,80,0.9367128947880701,0.9336802884936333,1.0099293772189413,1.028869300438091,0.05128781562130593,0.8061620840453543,1.0302566059981473,18294.0
postgres,10.0,16,8,160,1.66595953593569,1.7586547270184383,1.958761064504506,1.9976835039159049,0.26511263939371854,1.1924851670046337,2.0161669380031526,18294.0
postgres,10.0,16,16,320,3.439422576304241,3.798558410984697,3.921902109673829,3.9460841762792556,0.6569953576676416,1.947401256999001,3.981607954017818,18294.0
postgres,10.0,17,1,20,0.8606841111992253,0.8593962995219044,0.8835338901437353,0.883696122005349,0.010155554828501964,0.844226838031318,0.8837366799707524,1.0
postgres,10.0,17,4,80,1.47784523265218,1.4646415435126983,1.5784304525965127,1.5837997685134177,0.06714777343381785,1.3194900410017,1.5847832639701664,1.0
postgres,10.0,17,8,160,2.6088667650110438,2.6326301635126583,2.725992592811235,2.752809871772188,0.10137761129458765,2.206053672009148,2.7736774849472567,1.0
postgres,10.0,17,16,320,5.172742392667715,5.2037321270036045,5.327545088765328,5.359311845208867,0.12661522022828006,4.76691355498042,5.374021621013526,1.0
postgres,10.0,18,1,20,2.8151327322004365,2.8442585135053378,2.897993304344709,2.907951878485619,0.0793412011634899,2.652803914039396,2.9104415220208466,9.0
postgres,10.0,18,4,80,8.379453300310706,8.400693637493532,8.485643006765168,8.50888950979046,0.08511868956556301,8.122093304002192,8.523246227996424,9.0
postgres,10.0,18,8,77,7.251284795957647,7.555697364034131,8.309408455621451,8.322605400930625,0.8801452286811617,4.951173632987775,8.327228939975612,9.0
postgres,10.0,18,16,76,6.216094489586172,6.087342700484442,7.580199535252177,8.01363250297436,0.7681373226589687,4.554495350050274,8.014018497953657,9.0
postgres,10.0,19,1,20,0.040994777399464465,0.03917820251081135,0.05381521437375333,0.06075367088255001,0.005988569100133602,0.0383947800146415,0.0624882850097492,1.0
postgres,10.0,19,4,80,0.11415884864763934,0.11382260851678436,0.12757614784932225,0.1386848275613737,0.009896490294166473,0.0875589200295507,0.1476276409812271,1.0
postgres,10.0,19,8,160,0.186819105152972,0.19113877849304117,0.22161836802260948,0.2468450512818526,0.027331430039125137,0.1257871349807828,0.2558434579987079,1.0
postgres,10.0,19,16,320,0.34963080162797266,0.3691820570384152,0.4247527117928257,0.4461626520071877,0.06239358131970495,0.1604398530325852,0.4833613029913977,1.0
postgres,10.0,20,1,20,0.6804998067411361,0.6794727599772159,0.6933890097570838,0.6957018075656378,0.007483990986318753,0.6702930259634741,0.6962800070177764,162.0
postgres,10.0,20,4,80,1.2392195817992615,1.2467858045129105,1.2691071141627617,1.2705374596529873,0.02448109651828503,1.185842038015835,1.271370378031861,162.0
postgres,10.0,20,8,160,1.3774502391457646,1.377579108986538,1.422383436889504,1.4410012158198515,0.026181076561053115,1.3132732340018265,1.4455120809725486,162.0
postgres,10.0,20,16,320,2.644826143236969,2.6512752209964674,2.7047954152687455,2.719678887379705,0.0423566727381824,2.4962098019896075,2.7273976940196007,162.0
postgres,10.0,21,1,20,1.2459262364514871,1.2432784859847743,1.2795125486067263,1.2982971129514045,0.02283735601981048,1.215838214964606,1.302993254037574,377.0
postgres,10.0,21,4,80,2.320374161825748,2.2955633484816644,2.438638715905836,2.4643984056677435,0.06392480255742977,2.2415712590445764,2.467814183968585,377.0
postgres,10.0,21,8,160,2.886471566305045,3.0142767320212442,3.3157801322900924,3.358867966234684,0.38594061054031453,2.366027110023424,3.3610261069843546,377.0
postgres,10.0,21,16,320,5.0176744474543735,5.336394399986602,5.5504650496353864,5.595079385765129,0.6751512054832711,3.540433015965391,5.876319411967415,377.0
postgres,10.0,22,1,20,0.07373532259080089,0.0724187369633,0.08343991038855164,0.0864854492852464,0.004027284112713461,0.071469918009825,0.0872468340094201,3.0
postgres,10.0,22,4,80,0.22573991764729723,0.22578318952582774,0.2509583948325599,0.263727510900353,0.017257152129665252,0.1795665699755773,0.2735354019678198,3.0
postgres,10.0,22,8,160,0.3876362363083899,0.4064347269886639,0.4667260517249815,0.480897572117392,0.06478639661241131,0.241261197021231,0.5104543199995533,3.0
postgres,10.0,22,16,320,0.7486569883436459,0.7845786929829046,0.8878510407579597,0.904748304989771,0.12855729459297704,0.4218278849730268,0.9232402699999512,3.0
sqlserver,10.0,1,1,20,3.2643793692521283,3.264464751497144,3.2713655696454227,3.281481726695201,0.0070243298965976374,3.2524757090141065,3.284010765957646,4.0
sqlserver,10.0,1,4,80,3.4902046607501687,3.4776114010310266,3.730667755243485,3.737346524867462,0.09054092232682229,3.362373856012709,3.737962856015656,4.0
sqlserver,10.0,1,8,160,6.225763193118473,6.215627314522862,6.319317011520615,6.3756231380073585,0.06649454970025541,6.077610348002054,6.376963840972167,4.0
sqlserver,10.0,1,16,320,12.311340928935897,12.304766305460362,12.48212305502675,12.672307262937538,0.1013602276539983,12.032475557003636,12.687954467954114,4.0
sqlserver,10.0,2,1,20,0.398473947160528,0.39257331151748076,0.4324107175314566,0.4326240579242585,0.016593058919587997,0.3767368069966323,0.432677393022459,468.0
sqlserver,10.0,2,4,80,0.589458927087253,0.5954792039701715,0.6274408365512499,0.6582708950067172,0.03180630940169868,0.5214146099751815,0.6587926109787077,468.0
sqlserver,10.0,2,8,160,0.8445033785741544,0.8407246729766484,0.9544656022713752,0.9660693828028161,0.06634702130086567,0.6259697179775685,0.968207917001564,468.0
sqlserver,10.0,2,16,320,1.4528913684904183,1.4914732654870022,1.6410716905840672,1.6731679151067511,0.17690291489036875,0.678732710017357,1.679797534015961,468.0
sqlserver,10.0,3,1,20,4.206748467250145,4.210205345007125,4.217525988770649,4.2191313945595175,0.01306041359917911,4.171839557995554,4.219532746006735,11507.0
sqlserver,10.0,3,4,80,5.9581067715014795,5.966060754988575,6.018310408544494,6.049283951337566,0.055226081786501215,5.6511753990198486,6.05122061498696,11507.0
sqlserver,10.0,3,8,160,8.96178011249467,9.02898080801242,9.112155090016312,9.129810568980755,0.21194152232301702,7.703486742975656,9.137439112004358,11507.0
sqlserver,10.0,3,16,320,13.974114192159504,14.242789890500717,14.589606447858387,14.703350174592345,1.077774066348696,5.644620807026513,14.707237851980608,11507.0
sqlserver,10.0,4,1,20,3.963058799895225,3.960564703476848,3.9778254595497855,3.9856274142843904,0.008906762570859766,3.953968702000566,3.9875779029680416,5.0
sqlserver,10.0,4,4,80,4.008356496252236,4.0064167250238825,4.046325081121177,4.094017054777941,0.02310314073057925,3.9736337609938346,4.09442208299879,5.0
sqlserver,10.0,4,8,160,4.302159386488711,4.299176961474586,4.4272960187750865,4.460107629401609,0.07111828425415777,4.124328111007344,4.483140168944374,5.0
sqlserver,10.0,4,16,320,8.08182081175455,8.080683985026553,8.206107654454536,8.230533087042277,0.07575017427805972,7.830246978031937,8.243288802972529,5.0
sqlserver,10.0,5,1,20,3.4676703702047234,3.466130962508032,3.484479462908348,3.4943372237856964,0.011185200041890327,3.448151612014044,3.4968016640050337,5.0
sqlserver,10.0,5,4,80,3.6487721622499523,3.634852872492047,3.7192478194338032,3.855945319608436,0.056418461708275996,3.592353770043701,3.85702862998005,5.0
sqlserver,10.0,5,8,160,4.065756603269255,4.139576852467144,4.244381750817411,4.250522674305248,0.14697884004869657,3.800689395982772,4.253381215035915,5.0
sqlserver,10.0,5,16,320,5.173803736000446,5.117054847505642,5.6147393714491045,5.68524822314037,0.20108666835468844,4.778265559987631,5.6951875059749,5.0
sqlserver,10.0,6,1,20,3.2521397408039774,3.258572794002248,3.270682716675219,3.2729348649602614,0.019172977557450167,3.219916992005892,3.2734979020315222,1.0
sqlserver,10.0,6,4,80,3.260944523661601,3.260047850519186,3.2739044474903496,3.2754307181987676,0.007071707729965366,3.244910074979998,3.2773212040192448,1.0
sqlserver,10.0,6,8,160,3.283659696313407,3.282177301007323,3.3333438165514964,3.3466066866891926,0.022604135278795484,3.246788199990988,3.352471071993932,1.0
sqlserver,10.0,6,16,320,3.7784984077254196,3.7826392319984734,3.8828628610674065,3.9141098432231227,0.07098772803482706,3.535526256018784,3.936098069010768,1.0
sqlserver,10.0,7,1,20,2.542733095641597,2.5502625185181387,2.584632593856077,2.58551220115216,0.03715156799091557,2.4806307439575903,2.5857321029761806,4.0
sqlserver,10.0,7,4,80,3.014364165092411,3.014687795046484,3.115575510743656,3.155983018719707,0.06624142329185678,2.887412372976541,3.1731921820319258,4.0
sqlserver,10.0,7,8,160,3.7739810218550702,3.6276084755081683,4.262399206138798,4.3498369351367,0.36695251233987153,3.207007821998559,4.354569122020621,4.0
sqlserver,10.0,7,16,320,5.9753293524350735,5.898504890006734,6.497126628694244,6.921684017995721,0.2778811297938513,5.5678537079948,6.933974621002562,4.0
sqlserver,10.0,8,1,20,1.5778362004028168,1.5780547934991773,1.5863846536405617,1.587456187524949,0.007578625943919726,1.5605502299731595,1.587724070996046,2.0
sqlserver,10.0,8,4,80,1.9489325163136528,1.9256266805168707,2.1179827564716107,2.123263134584995,0.078474524126833,1.8553668269887569,2.124784801038913,2.0
sqlserver,10.0,8,8,160,3.1807054814173172,3.418736394523876,3.5474207174993353,3.5763758311758287,0.4168663960170122,2.23997995298123,3.58301586896414,2.0
sqlserver,10.0,8,16,320,5.770154605501375,5.99031966648181,6.4349579550995255,6.505764572097687,0.7804047434056788,3.05647528602276,6.519386093015783,2.0
sqlserver,10.0,9,1,20,4.379056263592792,4.377677907963516,4.394396127617801,4.396900383093744,0.011697091089867905,4.354758696979843,4.397526446962729,175.0
sqlserver,10.0,9,4,80,4.835119775032945,4.827250044501852,4.928887192075489,5.20667610088829,0.10216014676463983,4.726174070965499,5.207901936024427,175.0
sqlserver,10.0,9,8,160,5.875277519227893,5.9790144304861315,6.105409993114881,6.232406733659445,0.25352025854265053,5.193923835002352,6.239534816006199,175.0
sqlserver,10.0,9,16,320,9.491039649474079,9.405468053999357,10.92601708805305,11.263263862652238,0.5687195982444305,8.419946793001145,11.277328394993674,175.0
sqlserver,10.0,10,1,20,4.210657086942229,4.211292724532541,4.22535484226537,4.229497910827631,0.010285578352194368,4.189567372959573,4.230533677968197,37859.0
sqlserver,10.0,10,4,80,14.787467588652362,14.79371174951666,14.903631300255075,14.93984019523894,0.06915848748750149,14.570526422990952,14.94759581796825,37859.0
sqlserver,10.0,10,8,160,33.035038357067606,33.09026030951645,33.37368258342904,33.454642654261555,0.2704504420242991,31.055210252990943,33.480635899992194,37859.0
sqlserver,10.0,10,16,320,63.1436853448371,63.34623405250022,63.790967860503585,63.88720235574467,0.8827908533573121,55.70673267595703,63.93176864797715,37859.0
sqlserver,10.0,11,1,20,0.6710836345504504,0.6707080290070735,0.690924567609909,0.6910655566904461,0.014172143233976645,0.6458350670291111,0.6911008039605804,22489.0
sqlserver,10.0,11,4,80,2.793699998541706,2.8236136904743034,3.0375405370024966,3.045292639881372,0.22104532810446034,1.873500649991911,3.0524487790535204,22489.0
sqlserver,10.0,11,8,160,6.298181706410469,6.480559239513241,6.79477166669385,6.811049670603243,0.659786908732994,1.6548077539773658,6.815438420977444,22489.0
sqlserver,10.0,11,16,320,11.752788634808713,12.399656494002556,13.068132614929345,13.175904825406615,2.2572727600871043,1.268174447992351,13.193924094957763,22489.0
sqlserver,10.0,12,1,20,3.965365167893469,3.9614716805226635,3.989311021933099,4.003370337224332,0.013077411360833095,3.952123266004492,4.006885166047141,2.0
sqlserver,10.0,12,4,80,4.044790699563601,4.0481741490075365,4.06058142320835,4.061786902131862,0.013443116525268072,4.011273518961389,4.061829035985284,2.0
sqlserver,10.0,12,8,160,4.140220710846552,4.140196793014184,4.16739702426712,4.172505926500308,0.014735372714154753,4.108348237001337,4.177501953032333,2.0
sqlserver,10.0,12,16,320,5.524752044738307,5.526667433994589,5.626839073566953,5.648391235704767,0.06275543466724681,5.256271341000684,5.659940763027407,2.0
sqlserver,10.0,13,1,20,0.7259629524953197,0.7256987514847424,0.7445896267337957,0.7516943157074274,0.012082309451282715,0.7087109239655547,0.7534704879508354,42.0
sqlserver,10.0,13,4,80,1.7039686055875791,1.6990076969668735,1.8081781154207417,1.8278720444999634,0.05258859043218718,1.5957266369950958,1.8301340119796805,42.0
sqlserver,10.0,13,8,160,3.293016468242422,3.2912728964874987,3.3779528814571678,3.428995478900615,0.0502280768051503,3.152323296002578,3.431268520944286,42.0
sqlserver,10.0,13,16,320,6.569872283672157,6.571392296027625,6.705827148203388,6.73180668168352,0.1022004036733892,6.249440143990796,6.742514704004861,42.0
sqlserver,10.0,14,1,20,3.3636630635883193,3.3609226569824386,3.3748942867474403,3.3760473253688543,0.008672748035449616,3.347249942016788,3.376335585024208,1.0
sqlserver,10.0,14,4,80,3.4380913906737987,3.443843705987092,3.4669343051384205,3.4733953906607353,0.021816708792326982,3.3793360849958844,3.473744053975679,1.0
sqlserver,10.0,14,8,160,3.5578391519393335,3.5767518654756714,3.6214404888392893,3.6571839012345295,0.0605464312075639,3.380457165010739,3.679615745029878,1.0
sqlserver,10.0,14,16,320,4.18591489342416,4.203300068504177,4.42969944216311,4.51101338018023,0.1816187821988125,3.633808534999844,4.540283684968017,1.0
sqlserver,10.0,15,1,20,3.2778960832656594,3.269034801021917,3.309290030124248,3.3162343644240178,0.019167743739019905,3.254032783966977,3.31797044799896,1.0
sqlserver,10.0,15,4,80,3.3431654961634196,3.3469818435260095,3.364356031108764,3.387376849344582,0.01930106062748798,3.293526994995773,3.388432613981422,1.0
sqlserver,10.0,15,8,160,3.4372220146324253,3.432038299011765,3.5140422735770698,3.52929034188448,0.03732051084800107,3.3754315399564803,3.534796821011696,1.0
sqlserver,10.0,15,16,320,3.8432340818782906,3.843719404510921,3.9633073442528253,3.9782303125044565,0.06871269182292497,3.6633217679918735,3.995424495020416,1.0
sqlserver,10.0,16,1,20,0.3868648280476918,0.3862565015151631,0.40297346833394837,0.4098753680777736,0.013705995847743891,0.3577896840288304,0.4116008430137299,18302.0
sqlserver,10.0,16,4,80,2.129891717612918,2.1894008170056622,2.5475439311296215,2.5661071495123906,0.34168778607087397,0.7178084449842572,2.5684749959618784,18302.0
sqlserver,10.0,16,8,160,6.915360688590226,7.123491517500952,7.688867779736756,7.721270462065586,0.8678480230884198,1.3703599959844723,7.726598281995393,18302.0
sqlserver,10.0,16,16,320,15.13043912147532,15.425491381000027,16.207451237560598,16.333481844454653,1.088512615336482,9.33713058696594,16.37158553302288,18302.0
sqlserver,10.0,17,1,20,3.414639356409316,3.413943494990235,3.424375706515275,3.4266840173257513,0.006316696696899678,3.4045301690348424,3.4272610950283706,1.0
sqlserver,10.0,17,4,80,3.4869976906360534,3.487425916013308,3.534300997425453,3.53770467027789,0.026739430028145928,3.440787078056019,3.53812309296336,1.0
sqlserver,10.0,17,8,160,3.609650139119549,3.611156386003131,3.669807382693398,3.685709053088212,0.03634778018060873,3.540495268011,3.6888700270210393,1.0
sqlserver,10.0,17,16,320,4.023787551272835,4.015120070514968,4.203823038449627,4.281885933944722,0.11200416640998037,3.766459042031784,4.289265401021112,1.0
sqlserver,10.0,18,1,20,3.3247779315453956,3.3187128079880495,3.3481848380935846,3.360791978033958,0.016294139444281958,3.299578111968003,3.3639437630190514,9.0
sqlserver,10.0,18,4,80,3.7359903163451236,3.5283570190076716,4.192147469904739,4.434692302912008,0.3275213051404544,3.364898504980374,4.435937730013393,9.0
sqlserver,10.0,18,8,160,6.047606312065909,6.194305896991864,7.309118641362875,7.403453426484484,1.067235644896203,3.5378388739773072,7.408722992055118,9.0
sqlserver,10.0,18,16,320,11.880756416241638,12.162439316511154,14.274819817973185,14.429003642677563,1.3399038958364293,6.567959649022669,14.458203473011965,9.0
sqlserver,10.0,19,1,20,3.3647704441595123,3.3646730555046815,3.37728548788873,3.3781707335606916,0.007607197859425652,3.355639824992977,3.378392044978682,1.0
sqlserver,10.0,19,4,80,3.413108746596117,3.4047996170120314,3.466125220549293,3.487244636990945,0.03287263791073909,3.3545345090096816,3.5043634139583446,1.0
sqlserver,10.0,19,8,160,3.6416842818878647,3.633963128493633,3.817056215828052,3.877785154512967,0.08871181843262504,3.482602466014214,3.884751157951541,1.0
sqlserver,10.0,19,16,320,5.746804746246198,5.746391738008242,5.865108097245684,5.881776922085555,0.07161064831200242,5.552524394995999,5.891458985977806,1.0
sqlserver,10.0,20,1,20,2.675178505454096,2.6756446409854107,2.6880104236712214,2.7018746119446586,0.010693250734431175,2.649963068019133,2.705340659013018,171.0
sqlserver,10.0,20,4,80,2.89967190377356,2.8759149324905593,3.1538332366792017,3.2138163656846155,0.1380913537729254,2.756579490960576,3.2138558230362837,171.0
sqlserver,10.0,20,8,160,3.2962777805259975,3.535402585490374,3.61595820246439,3.6290811608341755,0.3113296205477987,2.8962809929507785,3.6311050039948896,171.0
sqlserver,10.0,20,16,320,4.452499432049626,4.382988536992343,5.0934489526582185,5.128947354220436,0.35883878845557915,3.5466171599691734,5.13947290199576,171.0
sqlserver,10.0,21,1,20,5.443089397656149,5.4481474610220175,5.480711536924355,5.489446520195343,0.025804216283338864,5.38876765902387,5.49163026601309,415.0
sqlserver,10.0,21,4,80,7.759955414658907,7.770208372501656,7.892584307436482,7.895725421123206,0.08579477277062152,7.597100806015078,7.897016924980562,415.0
sqlserver,10.0,21,8,160,11.598175397115119,11.61136865100707,11.777263754265732,11.83773316533363,0.14420622053095797,11.264753693016246,11.842272852023598,415.0
sqlserver,10.0,21,16,320,18.115600919467944,17.871101974509656,19.92935468784126,20.123282594520134,0.6885313822082756,17.564395853027236,20.21970921603497,415.0
sqlserver,10.0,22,1,20,0.18836348890326912,0.18703782049124124,0.2133801956573734,0.22097015832376196,0.014199619134614665,0.1665770130348391,0.2228676489903591,5.0
sqlserver,10.0,22,4,80,0.384636145037075,0.3857150044932496,0.39972146869113195,0.4375030851876363,0.014554325222139121,0.3642501520225778,0.4383771119755693,5.0
sqlserver,10.0,22,8,160,0.7056664723080758,0.705857922002906,0.7237067407666473,0.7388157627376495,0.011723887079358376,0.6795539790182374,0.7405326129519381,5.0
sqlserver,10.0,22,16,320,1.3781899125606287,1.3847045874863397,1.4380828427034433,1.4669328920549014,0.04066715298627295,1.2272670019883662,1.473830335016828,5.0
